FOMC Date,0,1,2,3,4,5,6,7,8,9,10,11,12,13,14,15,16,17,18,19,20,21,22,23,24,25,26,27,28,29,Hawkish Score,Neutral Score,Dovish Score,easing,accommodative,supportive,expansion,inflation,tightening,restrictive
2004-01-28,6.3270597,-1.1260697,-0.25239432,2.4711132,1.8277813,1.0963556,-1.018242,0.20105593,-0.9489561,-1.7990032,0.11696747,-1.2503393,-0.09740251,-0.74881846,2.20523,0.30761597,0.31676698,0.61547285,0.11035797,-0.3036505,0.52408385,-1.0275879,0.63890755,-0.32888016,1.0654672,-0.835541,0.20693728,-0.25974876,0.07848801,-0.13152583,0.5260084,0.20292205,0.27106953,0.0,0.5006251906168433,0.0,0.0,0.8656641488012827,0.0,0.0
2004-03-16,6.755961,0.102110066,-0.95019245,0.9411876,1.1647259,0.4290729,-1.7468427,0.7321799,-0.3365544,-2.0131416,0.5586695,-1.5046207,0.35059988,-0.39148134,1.8463861,0.6955696,-0.10202291,0.5389111,-0.18116294,-0.046132743,0.5135341,-1.0680058,0.6307759,-0.69423896,1.2426698,-0.3430133,-0.050328307,0.10902039,0.32172272,-0.08420716,0.25071964,0.29450345,0.45477688,0.0,0.5006251906168433,0.0,0.0,0.8656641488012827,0.0,0.0
2004-05-04,4.0339975,0.6107801,0.67480034,2.7484446,1.3545592,0.7286441,-1.5660422,-0.01180083,0.3677699,-1.2393806,-0.083751,-0.4248181,-0.4562281,-0.8530885,1.4290795,0.18052115,0.72078866,0.2961262,0.53514653,-0.079190105,0.10779619,-0.9752962,-0.30924782,0.21199657,0.3711166,0.6895839,0.14924301,0.26530036,0.1640538,0.09597262,0.29735127,0.07002545,0.6326233,0.0,0.5006251906168433,0.0,0.0,0.8656641488012827,0.0,0.0
2004-06-30,3.3910167,0.78295666,2.8263803,1.3423442,-1.3411425,1.1737933,-1.12481,-0.8706074,2.0577939,-0.2580151,0.38641974,0.23623715,0.47264245,0.05107635,0.5251536,0.6258747,-0.32549214,0.28810656,-0.36908674,0.5746187,0.038428947,0.18468744,0.093402565,0.08409418,-0.5215198,-0.44314715,0.028409349,-0.5850014,0.20838942,0.011733642,0.20959246,0.06302033,0.7273872,0.0,0.6552770620607502,0.0,0.0,0.7553886231186117,0.0,0.0
2004-08-10,2.799754,-0.03040685,2.0500813,1.868785,-1.2130103,1.1091894,-0.7474272,-0.4280583,1.5303664,-0.8837503,0.19192071,-0.32776418,0.07510755,0.059192475,0.16389418,-0.15511313,0.20853777,0.7129572,-0.1705561,-0.13826884,-0.17842908,0.024964467,-0.3206513,0.4025692,-0.38681534,0.382297,-0.11350854,-0.17405276,-0.5097602,-0.06870574,0.25163987,0.049577817,0.6987823,0.0,0.42578510902449745,0.0,0.7601233969279112,0.4908354738359585,0.0,0.0
2004-09-21,3.4269092,0.76827604,3.0369456,1.6289908,-1.3175108,1.3902638,-0.9749212,-0.7368509,1.9836481,-0.45241866,0.08874728,0.04741485,0.33642054,0.22782567,0.3938519,0.45563546,-0.13164246,0.19816034,-0.12038722,0.8100834,-0.029737854,0.31504613,-0.045376264,-0.11147981,-0.49451914,-0.19832607,-0.0058433684,-0.39315614,0.12399542,-0.024309054,0.2392279,0.05484174,0.7059303,0.0,0.5006251906168433,0.0,0.0,0.8656641488012827,0.0,0.0
2004-11-10,2.361696,1.0135309,2.402628,2.3334193,-1.6245203,0.49562234,-0.19514124,-0.7987394,1.3736196,0.080053955,-0.24002992,0.7154514,-0.2160647,0.07516604,0.2073265,0.39522356,0.2740767,0.293168,0.022635173,0.918588,0.06412296,-0.07069764,0.030995814,0.31450713,0.2598595,0.5002043,0.80085933,0.25230402,0.3905798,0.3862205,0.19699305,0.039446153,0.7635607,0.0,0.5006251906168433,0.0,0.0,0.8656641488012827,0.0,0.0
2004-12-14,0.50141704,1.4414748,2.5788774,1.1344882,-2.1351426,-0.6720436,-0.42780575,-0.40320903,1.05975,-0.1751733,0.11069141,0.5557934,0.48046657,0.50143456,1.0175031,-0.061509702,-0.114731506,0.0378617,0.18612045,0.2636548,-0.19876508,0.3075985,0.5180302,0.27215585,-0.25018468,0.22068731,0.0005437688,0.21406077,0.3194269,-0.33488032,0.0985059,0.040034823,0.8614593,0.0,0.5006251906168433,0.0,0.0,0.8656641488012827,0.0,0.0
2005-02-02,1.8989438,1.645511,3.1353345,1.7328268,-2.0044165,0.32383806,-0.51367617,-0.22036211,1.9899421,0.18976249,0.3072728,0.6881912,0.5264928,0.30095297,0.44925648,0.6596044,0.04593074,0.1877313,-0.4875489,0.7778172,0.13821277,0.43241495,0.07133949,-0.24234632,-0.5240867,-0.26609948,-0.15477301,-0.458717,0.19034001,-0.08853129,0.13122971,0.044537358,0.824233,0.0,0.5006251906168433,0.0,0.0,0.8656641488012827,0.0,0.0
2005-03-22,2.0993588,-0.031803526,2.8834066,2.4716685,-1.4836831,0.81098247,-0.30705458,-0.6358565,1.6657692,-0.5187051,0.1538174,-0.09117975,0.17055632,-0.030464446,0.14161088,-0.112236984,-0.07447512,0.30522436,-0.09517767,-0.40859058,-0.097677656,-0.35705265,-0.2423522,0.2480138,-0.21590866,0.15851878,-0.37011954,-0.13689956,-0.48118258,-0.12820682,0.23703763,0.037383217,0.72557914,0.0,0.5006251906168433,0.0,0.0,0.8656641488012827,0.0,0.0
2005-05-03,2.9198973,0.2586219,2.744174,1.5943764,-1.52095,0.30280486,-0.9059953,-1.1033989,1.9952116,-0.26440135,0.097795606,-0.26331338,0.30802804,0.44882074,0.07077589,0.1416568,-0.010436515,0.37733534,0.11658161,0.15528737,-0.3161587,-0.0100155985,-0.520093,-0.24072441,0.055976927,-0.32889014,-0.34697384,-0.2520952,-0.33376694,-0.11503893,0.21436553,0.05431345,0.731321,0.0,0.5006251906168433,0.0,0.0,0.8656641488012827,0.0,0.0
2005-06-30,1.8107848,1.1458869,3.5419452,1.7514199,-1.9101957,0.618106,-0.66776013,-0.39869726,2.344823,0.07728434,0.24447678,0.6982363,0.68348855,0.24340586,0.2377675,0.44711664,-0.13874906,0.09222906,-0.3451681,0.75620955,0.19489956,0.48711136,-0.31532586,-0.22698782,-0.4979059,-0.18362033,-0.30344954,-0.39989635,0.04655989,-0.18392998,0.1528995,0.041225653,0.8058748,0.0,0.37327327566551527,0.0,0.666377814224958,0.6454515244251142,0.0,0.0
2005-08-09,1.4260218,-0.1878327,2.1685305,2.452246,0.40608457,2.4621754,-1.1565038,1.2412117,0.90345323,1.4825361,0.96303403,1.2773235,0.20414162,0.44873452,0.2038442,-0.1189024,-0.34962115,-0.28141087,-0.25024307,-0.70262825,-0.08668033,-0.4764138,0.072450794,0.5390052,0.26573417,0.063402526,0.5200402,0.6073401,-0.25615484,-0.064375885,0.26322982,0.042281464,0.69448876,0.0,0.3979177036267169,0.0,0.0,0.9174211143964588,0.0,0.0
2005-09-20,0.76732796,0.26763076,1.4382442,1.2016593,1.6803374,0.7140162,-0.7158303,0.4096469,0.6205954,1.1970291,1.7375395,0.20403194,-1.0775101,0.36779144,0.38732535,-2.7508254,-1.2108707,-0.774708,0.35472313,-1.2495548,0.2273774,0.37706468,0.53017586,0.25673172,0.1748806,0.77444494,-0.28459227,-0.32696557,0.8150034,-0.8716397,0.16921975,0.061264753,0.7695155,0.0,0.0,0.0,0.0,1.0,0.0,0.0
2005-11-01,1.8864818,0.71006763,0.925928,0.79652,-0.049877457,0.94331455,-1.6288823,1.6857016,1.0050534,2.1556077,1.4105122,0.7233546,-0.074461184,0.42333764,0.26261702,0.20441242,-1.6938043,-0.06698173,-0.17616671,-1.1950567,-0.5360657,-0.69332594,-0.041183222,0.6930034,0.679015,-0.64375454,0.39888555,0.3978993,-0.530774,0.28077206,0.14122747,0.08933328,0.7694392,0.0,0.0,0.0,0.0,1.0,0.0,0.0
2005-12-13,1.2173244,2.0049162,1.3857936,2.471352,0.8842272,0.62329644,0.44461915,1.8549796,0.44891083,2.7583168,0.5037342,0.064086,-0.49716213,1.4544299,0.094606526,0.03826089,0.22495179,-0.31097656,-0.5373216,-0.25959954,0.8567422,0.09921213,0.33672962,0.28095782,0.6309932,-0.040914677,0.5675571,0.36192352,-0.71932787,0.2709673,0.14156024,0.043865126,0.81457466,0.0,0.0,0.0,0.7182951571534791,0.6957385049067346,0.0,0.0
2006-01-31,2.353202,1.6875968,2.36279,2.3492723,1.2711034,-1.2350004,1.2351559,1.2130107,0.16180402,1.4238192,0.034690768,-0.6932745,-1.2465795,1.2409627,-0.37547442,0.07066352,0.71633416,0.008262496,-0.19160117,0.20289186,0.7744522,-0.26125422,0.064737365,-0.13100559,0.19858286,0.4995088,0.14000441,-0.1798169,-0.2741645,0.805769,0.14448082,0.047102142,0.808417,0.0,0.0,0.0,0.7182951571534791,0.6957385049067346,0.0,0.0
2006-03-28,2.9473443,0.081582636,2.6670542,1.9579343,-0.36005104,-1.2563517,0.7078154,-1.2094898,-0.12232538,0.2697285,-0.42544317,-0.4263179,-1.0263525,0.8097943,-0.7644423,-0.5596492,0.12733656,0.5134319,0.35527298,0.46059582,-0.43324658,0.12052078,0.1041897,0.1878056,0.8757002,0.22668368,0.06464911,0.15847893,0.4789575,0.6962744,0.217212,0.045396294,0.7373917,0.0,0.0,0.0,0.0,1.0,0.0,0.0
2006-05-10,1.5932639,-0.7848227,2.7751236,1.5110139,-1.186509,-1.2639674,0.22385101,-1.4662988,0.5281673,0.78253895,-0.5644737,-0.4663501,-0.6991953,0.5664994,-0.95212966,-1.5850524,0.3417353,-0.041366514,-0.034943826,-0.5634085,-0.34777144,0.659712,1.0070515,0.3189569,0.6771726,-1.2030327,-0.55474055,0.35764125,0.43156704,0.06418718,0.16740726,0.04030116,0.7922916,0.0,0.0,0.0,0.0,1.0,0.0,0.0
2006-06-29,2.5647826,-0.39949134,3.0438786,2.283112,-0.6267383,-1.5309494,0.64516455,-1.5181289,-0.8888685,0.31121522,-0.3545617,-0.29259628,-0.92015547,0.5197383,-0.91515934,-0.7960988,-0.20568807,0.60469836,0.11395293,0.21541254,-0.48848864,0.04023336,0.022856481,0.18453968,0.5939998,-0.009925105,-0.25217253,0.17750254,0.22426508,-0.09052704,0.22588679,0.03990071,0.73421246,0.0,0.0,0.0,0.0,1.0,0.0,0.0
2006-08-08,3.7221801,-0.15212053,1.3736031,2.0034816,0.5938431,-0.8447871,-0.8840607,0.6797591,-1.7923963,-0.15061608,-0.43538702,-0.47369677,-0.0757417,0.32678336,-0.25957403,-0.696326,0.36200652,1.0032153,0.12690769,-0.124005616,-0.9465885,0.52793217,-0.27479634,0.24569651,-0.46821752,-0.2565846,-0.52704257,-0.40890098,-0.5390634,0.0984689,0.2474269,0.06649402,0.6860791,0.0,0.0,0.0,0.0,1.0,0.0,0.0
2006-09-20,4.7285566,1.7884674,0.87040687,0.6853786,0.5153993,-2.135775,-0.4209339,1.1067944,-1.3267589,0.22984542,-0.089203745,-0.99466175,0.021641795,0.7097353,0.028505081,-0.12888058,0.060571566,0.7493525,-0.1959424,-0.4474245,-0.66080827,0.1004332,-0.045861986,0.20961654,-0.3816785,0.16104831,-0.44056353,-0.4248718,-0.36170414,-0.27328497,0.119237304,0.112516515,0.76824623,0.0,0.0,0.0,0.0,1.0,0.0,0.0
2006-10-25,7.5985904,0.5974941,-0.06598212,-1.2646037,1.3575597,-1.270191,-1.462582,1.40475,-1.3107905,-0.21434453,0.39235613,-0.7425016,1.6825497,0.9667251,-0.19661257,-0.29169708,0.17339027,0.25324014,-0.03694596,0.27937633,-0.64104605,1.4868536,-0.35795373,0.16446592,-0.11840926,-0.5721604,0.07963406,0.116591305,-0.3263431,0.2640396,0.13563775,0.37689582,0.48746637,0.0,0.0,0.0,0.0,1.0,0.0,0.0
2006-12-12,7.401857,0.30539885,0.062595494,-1.2126051,1.1393408,-1.0567908,-1.5285715,1.1166601,-1.4976882,-0.45289734,0.21114972,-0.86009306,1.3353767,0.8591987,-0.34706283,-0.2988335,-0.067725465,0.44731516,0.00022885112,0.16745451,-0.7022101,1.0654974,-0.38711074,0.46408662,-0.16864602,-0.40058756,0.0735,0.09285208,-0.36541426,0.15624192,0.16104719,0.34738177,0.49157107,0.0,0.0,0.0,0.0,1.0,0.0,0.0
2007-01-31,5.267913,2.1009815,1.3091295,2.0840158,0.3923806,-1.9565707,-0.25395334,1.2623513,-1.0929958,0.69431865,-0.54864734,-0.68595,0.058571942,-0.6175029,-0.00568726,0.5556453,0.4688807,-0.6571275,-0.05280367,-0.059262108,0.13928862,-0.13365403,-0.12861143,0.36521223,-0.57142,0.15779671,-0.13291351,-0.13651793,0.1937286,0.10326258,0.15000835,0.09469496,0.75529665,0.0,0.0,0.0,0.0,1.0,0.0,0.0
2007-03-21,4.297587,3.176355,0.29097316,2.1635177,0.3952466,-3.7601564,-0.6573569,1.0686023,-0.83359987,0.7513017,0.31346506,-0.8030345,-0.57937145,-1.0773836,0.24061397,0.4232616,0.073605224,-1.0037773,-0.24626562,0.47570333,0.45243573,-0.29757872,-0.34790927,0.13670355,-0.54290545,0.32239622,0.019047614,-0.034175593,0.1879816,-0.38716573,0.08733109,0.09884032,0.8138286,0.0,0.0,0.0,0.0,1.0,0.0,0.0
2007-05-09,4.5654774,2.9935555,0.2051766,2.182157,0.4574431,-3.1292448,-0.33788335,1.1268061,-0.95779395,1.0292197,0.24664386,-0.546272,-0.12349916,-0.97919005,0.011840819,0.28074446,0.47092053,-1.2059505,-0.31534734,0.6773653,0.41695544,0.030036237,-0.42570493,-0.0043680477,-0.4660494,0.4132101,0.102895625,-0.09645653,0.3914791,-0.06500842,0.09722291,0.09143276,0.8113444,0.0,0.0,0.0,0.0,1.0,0.0,0.0
2007-06-28,4.8936386,1.124631,0.43668234,3.1701748,0.9037894,-0.8356131,-0.7534421,0.67817175,-0.9703016,0.19457862,-0.36287892,-0.23111576,-0.16319911,-1.3487008,-0.05632885,0.020573005,0.18543871,-1.0509467,0.0030194041,0.44880384,0.28961104,0.036807317,-0.069898665,0.17005752,-0.71012896,0.26949418,-0.060772937,0.06070273,0.45496047,-0.047347274,0.23792152,0.075974554,0.68610394,0.0,0.0,0.0,0.0,1.0,0.0,0.0
2007-08-07,6.171672,-1.2309979,0.017460478,2.9262254,1.3828034,1.0202991,-0.99684894,0.28680462,-1.6699618,-0.84109795,0.086289644,0.13796948,0.46192297,-1.8359869,-0.58734256,-0.2696637,-0.36446884,-0.73934495,0.11100888,0.043358117,0.11861177,0.28862396,-0.11649639,-0.030818248,-0.34737217,-0.0118010845,-0.028715806,0.044873424,0.30862674,-0.77820075,0.56330925,0.13241494,0.30427575,0.0,0.0,0.0,0.0,1.0,0.0,0.0
2007-09-18,6.9139924,-0.08082202,2.6279402,-2.842984,2.327773,-0.750151,0.51778,-0.39873603,0.1929333,0.26887116,-0.38312867,0.8948452,0.17676075,-0.24514101,-0.08690442,0.8023322,-0.64950186,-0.8420126,1.1905667,-1.1425688,-0.19358808,-0.60573554,0.75034624,-0.6738394,0.16150974,-0.18630198,-0.1877372,0.39139557,-0.36802205,0.11211677,0.1691975,0.26947972,0.5613228,0.0,0.0,0.0,0.0,0.6564201800457916,0.7543954846290176,0.0
2007-10-31,5.2906866,-0.33557504,2.916352,-2.4725401,0.8838185,-0.5276135,1.0228246,-0.4752162,-0.20110166,-0.88520163,-0.9846785,1.3275352,-0.9727697,-0.17392197,-0.48191237,0.052189827,-0.4165681,0.7090414,0.4047454,-0.61627126,-0.1341088,-0.30523723,0.027552674,-0.44181553,-0.23922968,-0.12823036,-0.2992997,-0.15022779,-0.11292956,-0.04831167,0.18986644,0.13300517,0.67712843,0.0,0.0,0.0,0.5266035491822818,0.8501109939229254,0.0,0.0
2007-12-11,6.6009235,0.49930534,2.2296658,-2.4360712,0.23248349,-1.2486047,1.2345614,-0.91450953,-0.008628459,-0.31518596,-1.1203024,1.4839661,-0.92342395,-0.18548894,-0.21831098,0.5573145,-0.116457604,0.22849508,-0.0428793,0.03451048,0.06792431,0.2618383,0.111512974,0.12349693,-0.012035076,0.07295249,0.17501773,0.3269463,0.025983164,-0.40766552,0.1567618,0.20426492,0.63897324,0.0,0.0,0.0,0.0,1.0,0.0,0.0
2008-01-30,4.6376653,2.5289326,2.7577994,-2.3243585,1.8075045,-2.515736,0.8306249,-0.05896845,0.932754,1.0989311,-0.43990013,0.5934897,-0.8568896,0.07505971,0.3582682,1.0646012,0.31077442,-0.89070344,0.9271984,-0.5552961,0.09144619,-0.28508773,0.54736614,-0.5474726,-0.14237726,0.24358776,-0.35589707,-0.014345572,-0.26805916,0.3267173,0.08532376,0.14268969,0.77198654,0.0,0.0,0.0,0.0,1.0,0.0,0.0
2008-03-18,6.5731015,-0.9302116,2.0302482,-2.8112879,0.8065062,-0.5151205,0.911759,-1.4965198,-0.13599303,-0.15481304,-0.74082696,1.4106766,-0.7777703,-0.26261303,-0.9273234,0.160773,-0.09369677,-0.02517295,0.5582081,0.27272376,-0.036240652,-0.48727506,0.009865195,-0.27136537,0.2275136,0.14003377,0.26017618,-0.042597473,0.08709462,-0.09748222,0.22479515,0.2271012,0.54810363,0.5282386594217331,0.0,0.0,0.0,0.6990196223561492,0.4820119150533488,0.0
2008-04-30,6.2555375,-0.69981456,1.9693083,-2.8793194,0.8490986,0.8211854,1.2556074,-0.17475642,-0.683182,-0.45141625,-0.81970316,1.9577045,-0.8602774,-0.12386785,-0.9608202,0.62372637,-0.28181562,0.49406233,0.13243175,0.55812186,0.12228396,-0.4240736,-0.32803994,-0.21665992,-0.38818526,0.33258048,-0.053797252,-0.027026525,0.113778204,0.13305968,0.27954304,0.18592589,0.53453106,0.8339757184335442,0.0,0.0,0.0,0.5518011426802717,0.0,0.0
2008-06-25,5.1304817,-2.3654752,0.21259157,2.2659016,1.8568355,3.451979,0.27152944,0.5985045,-1.4577308,-0.5819986,-0.6576721,0.64406365,0.3779893,-0.56990236,-1.0073267,-0.6627253,0.7641205,0.8036288,-0.09630191,-0.23184404,0.64952624,0.2595636,-0.23123348,0.19616593,0.15784971,0.18640044,0.5896776,-0.0026536249,0.18445693,0.15592527,0.74579054,0.07920685,0.17500257,0.6028988416694366,0.0,0.0,0.0,0.7978176400115828,0.0,0.0
2008-08-05,2.6910799,-0.6091611,1.0517915,3.2697487,0.09068376,0.80970395,0.8071939,0.67204326,-1.5930068,-0.10526082,-0.7993661,0.441274,-0.023342554,-0.5451781,-1.2382973,-0.19526339,-0.04476211,0.6717384,-0.64712715,-0.26931107,-0.07517669,0.08233766,-0.07315065,-0.082544655,0.14609043,0.51289356,-0.15424535,0.52382684,-0.06550163,-0.20925498,0.44203827,0.044532225,0.51342946,0.6028988416694366,0.0,0.0,0.0,0.7978176400115828,0.0,0.0
2008-09-16,7.482045,-0.22288887,-0.0591983,-0.3157085,0.8537956,0.51856834,-0.013714273,1.7242157,-0.8708503,-0.8477597,0.39682454,0.47048095,2.1091256,0.20762752,-1.1920427,0.6767394,-0.21664324,0.12640916,-0.9748003,0.1225201,0.32583892,0.66006887,-0.052148886,-0.54486066,0.48672962,-0.038993225,0.3434329,1.1338898,0.20052879,0.7942894,0.24179287,0.26615673,0.49205035,0.6866857121281514,0.0,0.0,0.0,0.7269544227522475,0.0,0.0
2008-10-29,8.078191,-0.75115824,0.9419903,-3.325501,0.6030611,0.6431342,1.390365,0.006843336,-0.703001,-1.3488975,0.8493431,1.4271917,0.15797004,0.6530244,-0.63060063,0.4983287,-0.90268224,0.5023898,0.10484193,-0.12434247,0.49620825,-0.014147864,-0.32636413,-0.41539133,0.011089612,-0.6588993,0.29849863,-0.6053106,0.3295978,-0.15747723,0.21083565,0.44995886,0.33920556,0.0,0.0,0.0,0.0,1.0,0.0,0.0
2008-12-16,5.7249455,-0.91711086,-0.83870566,-3.2540567,0.67162997,-0.7936427,-1.2301344,-1.3612508,0.4328741,-0.46698552,2.3296623,-0.66682,-0.30890387,1.134201,-1.5315298,-0.95516664,0.68842894,-0.88051283,0.2404272,-0.22632928,0.7497266,-0.27338043,0.6510855,0.29607204,-0.20844923,-0.9239517,0.23744757,-0.7491942,0.1304563,-0.0096333,0.15029594,0.45886695,0.39083713,0.0,0.0,0.0,0.0,1.0,0.0,0.0
2009-01-28,4.0925717,0.48061955,-2.9993155,-2.1024096,-0.94453806,-0.5818801,1.1315293,1.3478546,0.23925698,-0.021779714,0.9671705,0.40319747,0.6456062,0.96132267,-0.34907156,-0.0779202,0.7887339,-0.32672954,-0.9680629,0.15719423,0.062127594,0.36854205,0.3322938,-0.26464483,0.06907586,0.32810384,1.0747359,-1.0685619,-0.0767059,-0.45868513,0.12399521,0.23685484,0.63914996,0.0,0.0,0.0,0.0,1.0,0.0,0.0
2009-03-18,4.7721562,-0.45092905,-1.0064145,-1.514373,-1.3678308,0.38064373,1.4260429,-1.7686651,-0.34108195,0.2996667,0.7732618,-0.75209785,0.6459779,0.7705508,-0.013385314,-0.14214456,0.002423594,-0.75293666,-0.091486156,0.24927428,-0.53698856,-0.4356663,-0.60876805,0.594989,0.6509524,0.37712592,0.507165,0.42569512,0.5142557,-0.5963082,0.23121548,0.18688029,0.5819043,0.0,0.0,0.0,0.0,1.0,0.0,0.0
2009-04-29,4.6378503,-0.30101374,-1.8779525,-0.81384695,-1.7286068,0.3084345,1.6352874,-2.2930233,-0.5323039,-0.046396658,0.39358652,0.0857206,0.92776287,0.4789025,0.41353497,0.2328115,-0.02709019,-1.1289622,-0.4016613,0.50168097,-0.19030823,-0.58754504,-0.24699573,0.3611916,0.94998336,0.51116455,0.28717458,0.20365642,0.2443394,-0.51535904,0.24119695,0.15866831,0.60013473,0.8838210629066414,0.0,0.0,0.0,0.46782510488704504,0.0,0.0
2009-06-24,4.094986,-0.99154824,-0.69319904,0.8976097,-1.7927254,1.3141063,2.0521357,-1.6038414,-0.7932588,0.35644156,-0.6450967,-1.2314018,0.23573036,0.5445386,0.3092903,-0.42521226,0.82824427,-1.0487515,-0.106392086,-0.46766806,0.07621452,-0.6674576,-0.25545064,0.68388784,0.13923725,-0.6574324,-0.36557382,0.06978771,-0.68045944,-0.2329691,0.44409508,0.105130106,0.45077485,0.0,0.0,0.0,0.0,1.0,0.0,0.0
2009-08-12,1.9149674,-0.2641285,-0.9400011,0.6883211,-2.3075733,0.50913244,2.007943,-1.6038369,-0.70227975,0.49329653,-0.43989745,0.06379723,0.5821287,0.26270238,0.66280884,-0.0874524,0.48418817,-0.6548649,-0.5303727,0.3500496,0.083660536,-0.40546903,-0.377681,0.5118536,0.24972194,0.33194694,0.15053657,0.11524936,-0.02563401,0.08832027,0.23739816,0.055207398,0.70739436,0.0,0.0,0.0,0.0,1.0,0.0,0.0
2009-09-23,2.7909632,0.4450139,-1.8307813,-0.028904885,-2.8477945,0.5485791,2.340212,-1.3588785,-0.831227,-0.11413708,-0.37789628,-0.05194788,0.62486684,0.62642443,0.6627029,0.54414123,0.20202112,-0.6964905,-0.27077708,0.1556906,0.14976026,-0.54701453,-0.42960557,0.23439997,0.0022006899,0.058797352,-0.20575169,-0.3936482,-0.34706357,0.27800825,0.21178328,0.080869064,0.70734763,0.0,0.0,0.0,0.0,1.0,0.0,0.0
2009-11-04,2.299583,-0.51635337,-2.595271,0.5019039,-0.38254464,1.2439902,1.3857986,-1.7393408,-0.71261936,1.0407312,-0.24311543,-0.048577692,0.5722034,-0.14547014,0.6953101,0.4308717,0.7043016,-0.59784734,0.35372248,-0.14626911,-0.39601567,0.16052799,0.10047435,0.6385691,0.17884073,-0.55613035,-0.37944636,-1.0642854,-0.1301813,0.49378613,0.3677189,0.090506226,0.5417748,0.0,0.0,0.0,0.0,1.0,0.0,0.0
2009-12-16,-0.11302254,-3.2196038,-0.051144093,-0.95081,-1.7665939,1.424195,0.8891985,0.93403757,-2.4433804,0.39189348,-0.34285346,0.23457512,0.8175841,1.4603335,0.93121,0.5474264,-0.585924,0.1792388,0.41037068,-0.6133775,0.12186727,0.6880472,0.19010213,0.75299215,-0.49315792,0.6306956,0.17804024,-0.73658335,0.551191,0.36728793,0.32041577,0.075453915,0.6041303,0.0,0.0,0.7182318310925438,0.0,0.695803878119008,0.0,0.0
2010-01-27,0.9441572,-0.3126493,-1.446506,0.3809168,-2.6051326,1.0269676,0.38632983,-1.0679191,-1.8844516,1.1460545,-0.03392995,-0.3678664,0.08029527,0.9917295,0.67881453,1.1014583,0.15840556,0.88163304,-0.016358888,-0.60046417,0.003986164,0.5300653,0.91233176,-0.37566274,0.09640488,0.4701399,-0.70231277,-0.38462105,0.43977994,0.02090538,0.275974,0.0706467,0.65337926,0.0,0.0,0.7182318310925438,0.0,0.695803878119008,0.0,0.0
2010-03-16,3.095074,0.9270538,-3.4107654,-0.5843378,-2.1668518,1.3589365,0.1820913,0.070033945,-0.47734526,0.641226,0.3647589,-0.04407128,-0.09358708,-0.23466215,0.171007,-0.40734127,-0.7403568,-0.17862268,-0.27570075,0.1972686,0.41189483,0.26442826,0.092943706,-0.36696416,-0.43159342,-0.28556263,-0.5733207,-0.022939771,-0.61789614,-0.35054445,0.20061022,0.14960057,0.64978915,0.0,0.0,0.7182318310925438,0.0,0.695803878119008,0.0,0.0
2010-04-28,3.1888058,-1.0417253,-0.4381943,-0.612152,-2.4140303,0.30920577,0.36599743,-1.1634208,-0.6996504,-0.4125725,0.6543015,-0.7454295,-0.5289064,0.4691594,0.40128857,-1.0122693,-1.2823986,-0.5178544,0.22465417,0.14783083,0.11978072,-0.3140444,-0.84424907,-0.90191895,-0.5847322,-0.17894524,-0.29795778,0.5494363,-0.34205696,0.50734097,0.21862365,0.11548491,0.6658914,0.0,0.0,0.7182318310925438,0.0,0.695803878119008,0.0,0.0
2010-06-23,4.746654,-1.7214963,-0.941054,-1.6009004,-1.7664055,1.0785804,-0.14393114,-0.013529751,0.04919979,-0.6676505,0.25828975,0.22676747,-0.22014605,-0.5000866,0.93738854,-0.9162709,-1.4161043,-1.4693737,0.046946358,0.28391254,0.52788305,0.56760764,-0.2579749,-0.25031787,-0.0880339,0.15432857,-0.8143761,0.75643927,-0.7727824,0.8450074,0.22911528,0.21659763,0.5542871,0.0,0.0,0.6367437439120868,0.0,0.7710754856619545,0.0,0.0
2010-08-10,-0.22710484,-1.1636196,-1.4143705,0.45730233,-1.6380651,-0.4708937,-0.35799614,-0.070803955,-0.5622339,-0.5439818,0.65649575,0.61772794,-0.6888708,-0.85901344,0.5073281,-1.6664035,-0.40819108,-0.11434041,-0.515637,0.53228885,-0.309244,-0.018344726,0.060130417,-0.18880737,-1.0337363,-0.1654964,-0.50203514,0.044668093,-0.16577622,0.5341204,0.155184,0.04812284,0.7966931,0.0,0.0,0.0,0.0,1.0,0.0,0.0
2010-09-21,0.9700706,-1.3825039,-1.0016619,-0.86511374,-2.0895064,-1.5801219,-0.5386615,-1.6385214,0.15606052,-0.686744,1.0008148,-0.66846085,-0.645047,-0.49075657,-0.29910475,-0.82935184,-0.9566183,0.3371998,-0.3608148,0.096424304,-0.36263525,-0.75585,-1.0133276,-0.20603433,-0.2702789,0.37338108,-0.08461877,0.6864668,0.3821064,0.4334188,0.147521,0.08649426,0.7659847,0.0,0.0,0.0,0.0,1.0,0.0,0.0
2010-11-03,1.1601186,1.1842225,-2.1828394,0.13429324,-1.1362801,-0.3904248,0.34257445,1.153992,0.5004102,0.8045944,0.33015132,-0.33257753,-0.16808417,0.46005502,0.25399178,0.45862725,0.12638897,0.86348766,-0.5761413,-0.23387343,-0.35278273,0.086371355,-0.33589426,-1.1072229,0.39374116,0.531672,-0.23123161,0.42911705,-0.17140366,0.056931254,0.11434456,0.07970988,0.8059456,0.0,0.0,0.0,0.0,1.0,0.0,0.0
2010-12-14,0.63107175,1.350924,-3.0158186,-0.103125215,-1.0555823,-0.27182433,0.13736549,0.7227939,0.3119269,0.805175,0.16193268,0.06489762,-0.4040685,0.081422515,0.37910682,0.43168026,-0.28596652,0.8125757,-0.7881566,-0.054008503,-0.7496798,0.2059259,0.0046224757,-0.81922877,0.21885496,0.3789012,-0.13782735,0.48872212,0.23432158,0.19897251,0.11405882,0.0762033,0.8097379,0.0,0.0,0.0,0.0,1.0,0.0,0.0
2011-01-26,1.8594371,1.2996397,-3.0559022,0.051517144,-1.5174582,-0.08178783,0.47284132,0.064525194,0.10888744,0.05959208,0.35123095,-0.27883127,-1.1833615,0.18327416,0.37784463,0.26463854,0.43901095,0.40631515,0.0030240696,-0.49026245,-0.4954643,-0.228819,-0.04449091,-0.822748,0.15361907,0.22113506,-0.3373964,-0.03098149,0.259466,0.038140316,0.13568023,0.09943032,0.7648894,0.0,0.0,0.0,0.0,1.0,0.0,0.0
2011-03-15,0.9068847,1.0788752,-2.4956102,0.65678555,-1.2627685,0.35108116,0.58838147,0.6990974,0.30505246,0.23271237,0.029757258,0.48690766,-0.6070908,-0.031656016,0.4414945,-0.133924,0.5120408,0.47329414,-0.070262186,0.21459691,-0.66859543,0.09716211,-0.278073,-0.6713459,0.18278904,0.02242229,-0.21656582,0.026955387,-0.038658436,0.038278975,0.15137543,0.065251134,0.7833734,0.0,0.0,0.0,0.0,1.0,0.0,0.0
2011-04-27,0.29675713,0.81971866,-2.4414418,0.80562335,-1.4019927,-0.2884978,0.869982,0.35365865,0.3129477,0.41356912,-0.03920935,-0.039400876,-0.965662,0.26715413,0.09633217,-0.10911564,1.0107833,0.67368615,0.031100757,-0.12854496,-0.50353366,-0.038891234,-0.4365253,-0.8920844,0.14061747,-0.0730902,-0.40335166,-0.0084570935,-0.30632824,-0.23620021,0.1427814,0.060613744,0.7966049,0.0,0.0,0.0,0.0,1.0,0.0,0.0
2011-06-22,3.3655386,1.8593825,-3.3581254,-1.3082768,-1.7951868,-0.27184227,-0.42019194,1.2005694,0.16770756,0.13764147,0.53942937,-0.17761725,-0.75574523,0.09775357,0.41683388,0.23167543,-0.29123682,0.72593826,0.47257012,-0.38701293,0.011146815,-0.20663211,0.45268452,-0.16250521,0.006952514,-0.2524551,-0.042762026,-0.046408992,0.19613759,-0.2031611,0.107999444,0.20783749,0.68416303,0.0,0.0,0.0,0.0,1.0,0.0,0.0
2011-08-09,2.2083485,0.050823376,-2.7163656,-0.8010796,-1.6238341,0.3488794,-0.07940186,0.9965554,0.32810795,-0.14383355,0.36116448,1.0043794,0.431524,-0.60748446,0.16980231,-0.7019483,-0.574953,0.1966112,0.5005334,-0.42505136,-0.5035302,0.016061898,0.5710791,0.43716502,0.2302281,0.30667326,-0.21720925,-0.14680469,0.20279421,0.1156823,0.15279052,0.12628005,0.72092944,0.0,0.0,0.0,0.0,1.0,0.0,0.0
2011-09-21,-0.73012435,-2.2241454,-0.6980885,-0.17425638,-0.7980387,0.76043826,0.5142839,1.0417427,-0.16352975,0.09223675,0.9144775,0.6428855,-0.17572822,-0.58821493,-0.30181053,0.034303732,-0.19705552,0.54012835,-0.124598406,-0.20938869,0.006254829,-0.010694724,0.2942852,0.6552397,-0.27207667,0.5268424,-0.67331636,-0.11124428,0.28177613,0.64975125,0.19807123,0.05592175,0.746007,0.0,0.24056975237559128,0.0,0.0,0.9706318530946461,0.0,0.0
2011-11-02,1.4800152,-0.31668502,-2.7345026,1.2010063,0.12159968,1.5571917,0.5227379,0.47702432,0.30531183,-0.6352082,-0.01922097,0.7269832,-0.80033624,-0.8152944,-0.26992986,0.2967677,0.029781267,0.2536501,0.35649216,0.072544895,-0.009132544,0.43962,0.25367117,0.89946175,0.12225138,-0.19371489,-0.05448255,-0.16919929,0.054333884,-0.26888502,0.3133832,0.075898305,0.6107185,0.0,0.0,0.0,0.0,1.0,0.0,0.0
2011-12-13,0.48290563,0.8366526,-2.4632986,0.5563383,-1.1464992,-0.33582634,0.18433732,-0.001872472,0.6900107,-0.5671576,-0.29340664,-0.40792957,-1.3365693,-0.02209003,0.06850774,-0.16504252,0.8524652,0.49467418,0.49208418,-0.2656984,-0.12687206,0.29734734,-0.13396609,0.107017115,-0.19356824,-0.004911076,0.5546192,0.10403398,-0.08166189,-0.4110985,0.15325163,0.06245559,0.78429276,0.0,0.0,0.0,0.0,1.0,0.0,0.0
2012-01-25,1.2380439,1.5198654,-3.8589087,-0.92328554,-1.4286336,-0.59975386,-0.820302,-1.118327,0.87331253,0.07108017,0.8625337,-0.13538463,-1.1274165,-0.13584775,-0.6697499,-0.121074304,0.20021963,0.319004,0.17217927,-0.0013411365,0.01956378,0.5930792,-0.14388393,0.06257024,-0.20491749,-0.17932037,1.0239251,0.18289685,0.07315169,-0.13326429,0.12512133,0.11757499,0.75730366,0.0,0.32781425162597605,0.0,0.0,0.9447421957501958,0.0,0.0
2012-03-13,1.1836457,1.3765162,-3.0322232,-0.16292161,-2.179641,0.38133046,-0.33230308,0.49632627,0.39593515,-0.56470454,0.13667914,0.25543854,-1.450097,-0.50573593,-0.5380746,-0.45825368,0.34234637,0.45489192,0.39801523,-0.3784416,0.006659669,0.41283804,-0.30012488,0.36979803,-0.17744996,-0.15396379,0.66572887,0.25033638,0.024863387,-0.1285183,0.14068477,0.08914405,0.7701712,0.0,0.2777771056120301,0.0,0.0,0.9606455535720774,0.0,0.0
2012-04-25,2.4029853,0.74912536,-3.0959702,-0.031144513,-1.6484008,0.48093304,-0.58283603,0.16444206,0.62443495,-0.24668989,0.15009217,-0.007032793,-1.3906088,-0.57363176,-0.4378841,-0.43660313,0.67791945,0.26473066,0.54125816,-0.18336199,0.27622873,0.3241233,0.09058454,0.07382592,-0.1402578,-0.12885419,0.46017346,0.16667348,-0.12756254,-0.2331384,0.1855505,0.12391141,0.6905381,0.0,0.2777771056120301,0.0,0.0,0.9606455535720774,0.0,0.0
2012-06-20,0.9629991,0.8283189,-2.4824696,0.71786374,-0.21919584,1.6066992,-0.32625705,-1.312679,0.20224836,1.6849539,0.32184386,0.16798985,0.40348038,-1.3323649,-0.53601336,0.7724864,0.29616913,0.22124046,0.642139,-0.21850355,0.34763995,0.68109936,0.8964259,0.4742607,-0.114263095,0.3795218,-0.30643794,0.59094197,0.49859434,0.37653488,0.2629866,0.06572934,0.67128414,0.0,0.5701361967542442,0.0,0.0,0.8215501914981249,0.0,0.0
2012-08-01,3.6849823,2.2526,-4.258562,-1.8428218,-1.0929751,0.22733502,-0.7460506,1.1558452,0.9056644,-0.119378164,0.48689014,0.22460018,-0.42661297,-0.52017885,-0.2799963,0.2802186,0.08778339,-0.16869147,0.29730782,0.66818076,0.63814074,0.4335546,0.8007044,-0.0650053,-0.1445858,-0.09403148,0.6259133,0.040867086,-0.23623477,-0.33143649,0.124957345,0.24484263,0.6302,0.0,0.32781425162597605,0.0,0.0,0.9447421957501958,0.0,0.0
2012-09-13,-0.16802391,-2.1246989,-0.5030011,0.95049435,0.22350773,1.6222988,0.5803105,0.97428614,0.38417476,0.32312027,0.84020144,0.9030031,0.36714995,-1.02901,-0.81209165,-0.05471604,0.52801764,-0.3737608,-0.2580382,-0.10413965,-0.19360217,-0.28175512,0.17144337,-0.35564578,-0.2303663,0.5735873,-0.3672423,-0.5397947,-0.44998488,0.04021337,0.2799736,0.045132585,0.6748938,0.0,0.6552770620607502,0.0,0.0,0.7553886231186117,0.0,0.0
2012-10-24,1.0540763,-1.7042751,-1.4558535,1.1082178,0.7347425,0.95541424,-0.061397865,-1.7121198,0.013454524,1.4980241,1.1204145,-0.56035626,0.38370273,-1.2122155,-1.6775601,1.0052322,0.5855486,0.353087,-0.60508615,-0.7365025,0.20023721,-0.44048354,0.46989614,-0.3600077,-0.6333108,0.4186864,-0.42684573,-0.45430198,-0.4051217,-0.2105098,0.38257995,0.0716454,0.5457746,0.0,0.7928969157658916,0.0,0.0,0.6093557917743431,0.0,0.0
2012-12-12,-2.4433382,-4.2764916,0.23445007,0.6767002,1.1290506,0.016319424,0.08191762,-0.6100838,0.12405789,0.73739415,1.3094729,-0.2237201,-0.034291375,-0.48868555,-0.8073043,0.5624325,-0.10519227,0.08174168,-0.69586486,0.07003627,-0.022285845,-0.43345103,0.18417537,0.16508013,0.043758653,0.19098721,0.01657349,-0.18230943,-0.51968414,0.3781689,0.26920033,0.034434196,0.6963655,0.0,0.5006251906168433,0.0,0.0,0.8656641488012827,0.0,0.0
2013-01-30,-2.6604993,-3.796364,0.09737552,-0.14025849,0.18195525,-0.3631459,0.333221,1.3052951,0.023830371,-0.18514135,0.41986784,-0.099771656,-0.68936145,-0.4711863,-0.43395752,0.71901643,-0.42283082,-0.22455701,-0.4950438,0.78339666,-0.20071273,-0.114650704,0.42256585,0.0683347,0.37049678,-0.20698321,-0.5413223,-0.40762886,-0.2269899,-0.28309175,0.17950678,0.037291534,0.7832017,0.0,0.461689305880743,0.0,0.0,0.8870417041128099,0.0,0.0
2013-03-20,-2.3974752,-4.034058,0.15071453,-0.803788,-1.1610792,-0.72984487,0.13656233,1.44784,0.20341115,-0.0546237,0.09341743,-0.8174085,-0.8829687,0.07532262,-0.6304519,0.9473908,-0.6507164,-0.052600387,-0.16804256,0.58342016,-0.12220685,0.14491795,0.16309756,0.33441502,0.4979694,-0.3007371,-0.68175995,-0.0621635,-0.008302087,-0.38522086,0.1616679,0.04812959,0.7902025,0.0,0.4316238660187522,0.0,0.0,0.8292771020949968,0.0,0.35496524650161243
2013-05-01,-2.5046613,-3.9850016,0.17554574,-1.4660434,-0.6043071,-0.84468454,0.27228937,1.5798211,0.5513017,-0.079205796,0.30137733,-1.0115113,-0.9632428,0.06359451,-0.82161576,1.0105298,-0.4877473,-0.12878239,-0.24851546,0.93711656,-0.114610076,0.016916063,0.3649889,0.548122,0.584772,-0.0609404,-0.374583,-0.039909467,0.099982224,-0.3844158,0.14948969,0.052795593,0.79771477,0.0,0.4277033746169567,0.0,0.0,0.9039191464623743,0.0,0.0
2013-06-19,-2.780066,-4.15019,0.35889244,-0.76061004,-0.3681556,-0.68502146,0.43421003,1.0935837,0.53500336,-0.28040287,0.11631166,-0.8937913,-0.9029069,0.012094106,-0.78814447,0.7158834,-0.27933353,-0.11965858,-0.33935916,0.53887665,-0.10962412,-0.040466312,0.02180746,0.52172273,0.62228125,-0.07247618,-0.07109718,-0.16479889,0.028170664,-0.27013916,0.17535031,0.04247591,0.7821739,0.0,0.3716874327281518,0.0,0.0,0.9283579333166467,0.0,0.0
2013-07-31,-0.9696989,-4.4067674,0.24571596,-1.9102386,0.19094984,-0.3424384,0.09615378,0.6536817,0.6950374,-0.24436632,0.39336583,-1.4377048,-0.6451426,0.04939058,-0.62365067,1.0661811,-0.9549978,-0.017619735,-0.20695443,0.9774699,-0.43749478,-0.07916356,0.27362278,0.36240292,0.60088366,0.15756483,-0.0025470688,-0.5702389,0.12174485,0.19112143,0.20745344,0.06879454,0.723752,0.0,0.39791770362671686,0.0,0.0,0.9174211143964587,0.0,0.0
2013-09-18,-2.049386,-4.3952274,0.82292944,0.6568275,0.13378432,-0.15790828,0.9306906,0.6878184,0.44091186,-0.7147346,0.15387347,-0.19027334,-0.14825298,-0.3602314,-0.015671026,0.33732542,-0.050784707,-0.5504977,-0.10481326,-0.35704517,-0.4029517,0.26064524,0.27052432,-0.0041853753,-0.5503342,0.2608579,0.2695573,0.11985521,-0.24801275,0.05586458,0.24334213,0.032775253,0.7238826,0.0,0.3847753025721294,0.0,0.0,0.887120587148102,0.25488238540262625,0.0
2013-10-30,-2.2578392,-4.0221105,1.0160367,-0.017413417,-0.48988312,-0.9428875,0.59045434,0.7021328,0.4464237,-0.2257675,0.5416157,-0.25988016,0.24607623,-0.11514004,0.18323979,0.56474775,0.014474979,-0.2336147,-0.04318335,-0.20701773,-0.4231399,0.24353352,0.24189161,0.07436908,-0.22335657,0.39168918,0.2399789,0.3628675,-0.07277942,-0.055390216,0.16626838,0.037828993,0.7959026,0.0,0.39791770362671686,0.0,0.0,0.9174211143964587,0.0,0.0
2013-12-18,-1.8954887,-4.3948097,0.5460126,-0.2669055,0.5426265,0.084954,1.0451295,0.91218024,0.5321797,-0.15139031,0.59381664,-0.28044045,0.187608,0.29786274,0.62180036,0.26783618,-0.1055838,-0.57218695,0.34950915,-0.2883103,-0.8895121,0.26522708,-0.23027852,-0.5107136,-0.7157073,0.17104337,0.4529137,0.05690045,0.25428903,0.007002969,0.23364902,0.049592387,0.7167586,0.0,0.3278142516259761,0.0,0.0,0.9447421957501958,0.0,0.0
2014-01-29,-2.3420541,-4.5825553,0.7508012,0.7692697,1.1052728,-0.16921891,1.0603663,0.25914043,0.05682764,-0.23702793,0.6629355,-0.31957513,0.09484039,-0.11914002,0.3079016,0.2751852,0.21146591,-0.061405588,0.19840589,-0.09170052,-1.0592244,0.10002431,0.13844016,-0.4920604,-0.2330099,-0.1925022,0.23174073,0.08476872,-0.055400454,-0.23186567,0.26844272,0.036668576,0.6948887,0.0,0.3484701401742349,0.0,0.0,0.937319882114398,0.0,0.0
2014-03-19,-2.628525,-4.7973824,1.0106552,1.3190984,1.3007319,0.02972985,1.0471886,-0.5346073,-0.12976924,-0.16057871,0.45616493,-0.019864792,0.34789714,-0.3197248,0.22993933,0.06931013,0.44952253,-0.15885828,0.16119301,-0.5202485,-0.7793217,0.23609583,0.029038776,-0.7021489,-0.23246258,-0.117876776,0.2747293,0.17819649,-0.074683614,-0.16176836,0.32487756,0.0312946,0.64382786,0.0,0.211940842106823,0.0,0.0,0.9772824972581116,0.0,0.0
2014-04-30,-2.260825,-4.7279263,0.6869899,0.92378074,0.54390436,0.2143229,1.130349,0.27826306,0.2374838,-0.03484485,0.37199575,-0.050297048,0.30928305,-0.12186422,0.80627936,0.095422335,0.28262958,-0.695582,0.035140637,-0.68524283,-0.45559847,0.544955,0.18115695,-1.0836606,-0.47922617,-0.15707067,0.66659594,-0.10128035,0.09094503,0.3752735,0.25943607,0.03586248,0.7047014,0.0,0.22537390698554527,0.0,0.0,0.9742723449067364,0.0,0.0
2014-06-18,-1.9322162,-5.0611587,1.3066714,1.1587071,0.3858253,0.6916377,1.0383143,0.265305,0.13179062,0.06638092,-0.14359537,-0.20744577,-0.15470842,-0.15069863,0.55225796,-0.07792193,0.6820144,-0.8307829,0.34191853,-0.5719399,-0.4623117,0.4178515,-0.0031108856,-0.70370555,-0.20858482,-0.36841753,0.29578474,0.25891942,-0.12728833,-0.026865145,0.33036655,0.036013395,0.63362,0.0,0.22537390698554527,0.0,0.0,0.9742723449067364,0.0,0.0
2014-07-30,-1.3725853,-5.0700197,0.61122084,0.61808467,0.6707667,-0.20669617,0.6591825,-0.13673832,0.35059878,-0.39682165,0.3907798,-0.04385334,-0.17949867,-0.38257176,0.18117608,-0.12387518,0.72425634,-0.13823491,0.096616276,0.1645068,-0.78489166,-0.06821992,-0.076768905,0.08508208,-0.3827522,-0.21000706,0.5865733,0.36510825,0.18230782,-0.28098956,0.3112187,0.047206692,0.64157456,0.0,0.24056975237559128,0.0,0.0,0.9706318530946461,0.0,0.0
2014-09-17,-2.4347367,-4.86578,0.789368,0.7594602,0.32502255,-0.27559176,0.91775745,0.5286168,0.15685345,-0.3534441,0.3137415,-0.0032159116,-0.1884669,-0.18809722,0.10630401,-0.16618027,0.82607937,0.038311705,0.05099802,-0.032176487,-0.6556233,-0.107720636,-0.12176829,-0.18033117,-0.20735292,-0.41438285,0.49051294,0.3578148,0.3390405,-0.40511802,0.25787035,0.038011245,0.70411843,0.0,0.24056975237559128,0.0,0.0,0.9706318530946461,0.0,0.0
2014-10-29,-0.7193117,-4.409595,-0.25347254,-0.81393844,0.17144364,0.09163971,-0.9349788,0.43887055,1.111547,-0.83328,-0.27773064,-0.4333742,-0.18688293,-0.1902283,0.119604,0.39837688,-0.15779355,-0.0069737253,-0.13998945,-0.30122176,0.22453412,-0.2761238,-0.31888548,0.49973455,-0.3478729,-0.06580733,-0.1866983,0.44961038,0.08071724,-0.024454579,0.24751776,0.07367573,0.6788065,0.0,0.10152795684565169,0.0,0.0,0.9948326864245804,0.0,0.0
2014-12-17,-1.4174311,-4.860304,-0.75701237,-0.2523142,-0.3748419,0.6515885,-0.13317448,0.3501356,-0.1318914,0.01583088,-1.0529737,-0.10302172,-0.43647978,-0.40109557,0.62955105,0.5074927,-0.27562034,-0.34458274,0.1000288,-0.1678194,0.6397601,0.36487952,-0.41489998,0.70744467,0.024136756,0.18158442,0.22305988,0.6999673,0.13383396,0.26020285,0.3263174,0.05949355,0.6141891,0.0,0.10780185673772784,0.0,0.0,0.9941723993774413,0.0,0.0
2015-01-28,-1.6834167,-5.104606,-0.6450216,0.48070195,1.2355361,0.1089654,-0.23996134,-0.77561635,-0.10849553,0.014947095,-0.29944965,-0.13410236,-0.75564724,-0.32497677,0.4111855,0.28399643,-0.40344507,-0.027975202,0.09343388,-0.12929972,0.4865232,0.36757457,-0.28178853,0.53086925,-0.06218,-0.6066306,0.59830976,-0.42245924,-0.15763745,0.7432057,0.38370353,0.059184257,0.5571123,0.0,0.14309058423861623,0.0,0.0,0.9897095961453801,0.0,0.0
2015-03-18,-2.1004071,-4.171482,0.30724522,-0.06535881,-1.3597215,0.012906827,-0.2232606,0.32742724,-0.22200476,1.0332905,-1.3194326,-0.42556795,-0.05863466,0.27625945,0.23543008,0.38764352,-0.011982486,0.16510272,1.0378159,-0.16143015,0.64181733,0.39208543,-0.5182654,0.15005718,0.10704133,0.13796419,-0.181481,0.06248725,0.43203276,0.12389982,0.24999453,0.04345173,0.7065538,0.0,0.14309058423861623,0.0,0.0,0.9897095961453801,0.0,0.0
2015-04-29,-0.62212336,-4.194215,-0.17192276,-0.9017446,-0.9620021,-0.1432388,-1.1684633,0.57216203,0.5207233,0.39184153,-1.2832594,-0.23899311,0.76588315,0.22704853,0.30611917,-0.4585273,0.13919753,-0.31915015,0.7324657,0.2337717,0.22021635,1.0819395,-0.013151916,-0.096116975,0.6131693,0.3115961,-0.11772321,0.0071957777,0.13664405,0.24306726,0.21502425,0.064458184,0.7205175,0.0,0.14309058423861623,0.0,0.0,0.9897095961453801,0.0,0.0
2015-06-17,-0.8688987,-3.6821501,-0.47593123,-1.533854,-1.3520925,-0.6053699,-0.91328806,1.6763442,1.0794929,0.6448289,-0.28103006,0.067496024,1.117728,0.5449892,-0.80898416,0.016827893,0.5640152,0.06287165,0.36344007,-0.6077843,0.9714401,-0.65501744,-1.1132375,-0.33648407,-0.17772385,0.29397425,-0.57965016,-0.21573329,0.53813016,-0.29799345,0.17204395,0.08693736,0.7410187,0.0,0.14309058423861623,0.0,0.0,0.9897095961453801,0.0,0.0
2015-07-29,-1.0113268,-3.49408,-0.99378985,-1.5451685,-0.2745844,-0.4000258,-1.5028601,-0.26066953,0.82217854,0.7617731,0.18113486,-0.49183795,1.2018708,0.36260056,-0.96601045,-0.38325214,0.26568657,0.6799019,0.26089317,-0.54516464,0.939679,-0.92481697,-0.8910577,-0.21744365,-0.37682533,0.16502328,-0.40834665,-0.17419635,0.66366434,-0.06660294,0.20530882,0.07912938,0.7155618,0.0,0.14309058423861623,0.0,0.0,0.9897095961453801,0.0,0.0
2015-09-17,0.9702081,-4.8325343,-0.6500609,-2.8649225,1.6143024,0.08667561,-1.1268787,-0.53250134,1.3205504,0.39810148,-0.52199334,-0.1754709,0.25969607,-0.5166999,-0.111865215,-0.5615349,1.0431412,-0.15587245,-0.01249451,0.13428698,0.8181294,0.40627378,-0.68196124,-0.06880715,0.46344268,-0.553619,-0.6555384,0.09028889,0.38533413,0.50526685,0.3245569,0.16903082,0.5064123,0.0,0.13228410141159203,0.0,0.0,0.9912118423998614,0.0,0.0
2015-10-28,-0.8592447,-4.25026,0.2119404,-1.8526464,-0.14486256,-0.03959446,-0.61343753,1.0550702,0.96015316,0.67709357,-0.80421835,0.071938515,0.31659028,-0.30541962,-0.19250451,-0.22709662,1.0797058,0.18468134,-0.008462631,-0.13059771,0.96876323,-0.10884505,-0.6030525,-0.08799825,0.37420222,-0.27050593,-0.81210613,0.4470482,0.28705293,-0.18577504,0.21990685,0.07962314,0.70047003,0.0,0.14309058423861623,0.0,0.0,0.9897095961453801,0.0,0.0
2015-12-16,-2.5048933,-1.4787716,-1.244021,1.0606021,1.4765995,-0.42115927,0.40423557,1.233067,-0.23540528,0.13560607,0.44375172,1.5699127,0.4646841,-0.5679838,-0.090060845,-0.88705605,0.15124522,0.32428515,-0.3975415,0.21587786,-0.07539169,-1.0192589,-0.12532084,-0.01272425,-0.04222148,-0.49714744,-0.022042362,-0.69809514,0.0010396864,0.12743223,0.17164862,0.037022635,0.79132867,0.0,0.2777771056120301,0.0,0.0,0.9606455535720774,0.0,0.0
2016-01-27,-0.11809097,-3.3924716,-1.0803776,-1.7903289,-0.008689089,-1.5503234,-2.4184396,-1.5454725,0.045616042,-0.2006898,-0.73356044,-0.21457541,0.60915947,0.42803285,0.09668564,-0.39447775,-0.06475814,0.1224477,0.16258593,0.7032439,0.19645073,-0.16058633,1.3217072,-0.11415873,-0.0636365,1.2253395,0.4411105,0.56075674,-0.9212682,0.08755195,0.18822016,0.09472529,0.71705455,0.0,0.3008314825906098,0.0,0.0,0.9536773139182538,0.0,0.0
2016-03-16,-2.4483109,-2.7341576,0.5036628,0.6120175,-1.5709696,-1.9833019,-0.24149835,-0.018698504,-0.80292445,-0.56150955,-1.5138627,1.0021526,-0.29126456,0.06556703,0.64234835,-0.6149052,-0.2779989,0.41850144,-0.378313,-0.06745425,0.43903443,-0.31620678,0.5008851,0.0747726,-0.08266093,0.23456135,0.6924697,-0.37368008,-0.1369202,-0.39800254,0.14004998,0.02886356,0.83108646,0.0,0.3008314825906098,0.0,0.0,0.9536773139182538,0.0,0.0
2016-04-27,-2.0679677,-3.4889941,-0.27852032,0.34681854,-0.11871999,-1.2669386,-1.4964178,-2.4620204,-0.79635394,0.7812253,-0.59478074,-0.20664164,0.95157236,-0.25450113,0.1111464,0.046134062,-0.06625543,0.8320898,-0.7973617,-0.25627422,0.5522573,-0.25530943,0.7534091,-0.24036558,-0.4287312,0.014465531,0.558596,-0.24205577,-0.2700758,-0.025071016,0.23028469,0.0370702,0.73264515,0.0,0.3008314825906098,0.0,0.0,0.9536773139182538,0.0,0.0
2016-06-15,-1.1645119,-3.0578249,-0.5206248,-0.7024921,-0.5655637,-1.3791038,-1.7370546,-0.7719773,0.027061367,0.36615828,-0.69486475,0.27617863,0.6851346,0.4432999,-0.0031259325,-1.1423429,0.3830434,0.19133791,-0.062320095,0.21060173,0.2549898,-0.4350908,0.78113383,-0.2420433,-0.1294709,0.39451998,0.46267486,-0.10749711,-0.34649223,0.11342097,0.16212885,0.05571457,0.7821566,0.0,0.3008314825906098,0.0,0.0,0.9536773139182538,0.0,0.0
2016-07-27,-3.111706,-2.3558223,0.42285803,0.49249825,-1.8512381,-1.9174027,-0.21238756,-0.06491459,-0.9072179,-0.5304769,-1.0221928,0.76987416,0.08582997,0.54509526,0.53261036,-0.9124667,-0.30045444,0.19902688,-0.28417966,0.027593467,0.29620066,-0.37924784,0.4258843,-0.060711928,0.00831581,0.27147055,0.4896083,-0.49759588,0.047767855,-0.2953969,0.12154781,0.026404733,0.85204744,0.0,0.3008314825906098,0.0,0.0,0.9536773139182538,0.0,0.0
2016-09-21,-3.0752969,-3.5724146,0.4370384,0.41303825,-1.0457847,-1.4480952,-0.39853278,0.14028105,-0.44181553,0.34467262,-0.96596235,0.40139833,0.24173826,-0.07664534,0.45201623,-0.20756349,-0.58677804,-0.067310296,-0.090595424,-0.09527905,0.31890982,-0.14895569,0.15665957,0.006254646,-0.0046579894,-0.2673715,-0.13660231,-0.23731825,-0.22701727,-0.3449548,0.15701643,0.030107524,0.8128761,0.0,0.3008314825906098,0.0,0.0,0.9536773139182538,0.0,0.0
2016-11-02,-2.4314246,-3.3361535,0.4433692,0.14434314,-1.4893342,-1.0795271,-0.47821558,0.51629776,-0.680464,0.6350257,-1.1956348,0.27375117,0.002397736,-0.0036354188,0.796805,-0.16995615,-0.50701946,0.14592151,-0.016783599,-0.07313661,0.75348413,0.07667122,0.3361452,-0.23667018,0.102969825,-0.3119016,0.08464892,-0.29225618,-0.38537315,-0.1714213,0.16062422,0.036359344,0.8030165,0.0,0.3008314825906098,0.0,0.0,0.9536773139182538,0.0,0.0
2016-12-14,-2.2452648,0.21309613,-1.583059,0.9551714,0.7413838,-0.43845275,-0.2954245,0.91060936,-0.21529093,0.29132187,-0.14090942,1.0905386,0.09065816,-0.07710096,-0.049179606,-0.47230524,0.27298012,0.1285629,0.50907373,0.7325478,-0.4559079,-0.58007514,-0.34012115,0.01452451,0.51138866,-0.15052542,-0.11973068,-0.047391336,-0.18491776,0.51198304,0.14479232,0.03714872,0.81805897,0.0,0.2777771056120301,0.0,0.0,0.9606455535720774,0.0,0.0
2017-02-01,-2.8394244,1.584822,-2.1042244,0.91644955,0.49852923,-0.6280323,-1.071626,-0.72296554,0.03190133,1.2915726,0.18759915,0.32108802,0.08927551,-0.106331244,-0.16675109,0.65379786,0.015832534,0.1491142,0.5811654,-0.4135203,-0.08470751,-0.22892104,-0.21005516,-0.099779114,0.042638373,-0.18420587,0.42694414,-0.16521989,0.48717004,0.5627101,0.11040372,0.034779917,0.8548164,0.0,0.2777771056120301,0.0,0.0,0.9606455535720774,0.0,0.0
2017-03-15,-3.1319487,0.9660713,-1.7313133,1.7056758,0.47584888,-0.79025555,-0.3584365,-0.45450172,-0.19989663,0.46602395,-0.20673124,1.0889608,0.07358283,-0.8493646,-0.28789836,0.13444608,0.1648535,-0.1265303,0.4675406,0.57912004,-0.3738524,-0.0026171387,-0.12059182,0.33432907,0.46482068,-0.7376204,-0.13099971,-0.2620219,-0.002144719,0.23324537,0.1393385,0.02697139,0.8336901,0.0,0.25788564149382437,0.0,0.0,0.9661754477895403,0.0,0.0
2017-05-03,-1.7502252,0.6709757,-1.7295498,1.243687,-0.031022904,-0.28342327,-0.57953846,0.8163893,-0.11806047,0.5071198,-0.7813687,1.2027997,0.26565704,-0.48104277,-0.099631466,-0.6619189,0.45257783,-0.23200278,0.2588628,0.6205614,-0.5500106,-0.24348153,0.06367311,-0.031198287,0.76088345,-0.5857229,-0.19474684,-0.40568867,-0.2335553,0.36472547,0.13756318,0.03615895,0.8262779,0.0,0.25788564149382437,0.0,0.0,0.9661754477895403,0.0,0.0
2017-06-14,-0.9835747,0.8962736,-1.8101331,-0.96312964,1.7969168,-0.4524091,-0.54064137,-0.13789028,-0.22253509,1.7643946,0.042306006,0.6289528,1.2568369,-0.1529447,0.5722688,0.2052401,-0.5335494,0.37578002,0.32965124,1.2279656,-0.59126204,-0.38448656,0.090466626,-0.13262253,-0.65487653,-0.023838315,-0.17896403,0.6201924,0.5615616,-0.43062574,0.12221277,0.054981638,0.8228056,0.0,0.14309058423861623,0.0,0.0,0.9897095961453801,0.0,0.0
2017-07-26,-1.3478283,0.9239451,-1.9433829,0.8914871,0.8847123,-0.07134939,-1.1092432,-0.7371401,0.26253963,0.34644035,-0.49340826,0.41130018,0.26602748,-0.20281672,-0.13749518,0.39322725,-0.19199307,-0.0021882323,1.0971272,0.30092192,-0.46309474,-0.3117761,0.11773364,0.38330334,-0.30373657,-0.14128558,0.027031898,0.13317145,-0.16222973,0.12270248,0.16130891,0.04300275,0.79568833,0.0,0.14309058423861623,0.0,0.0,0.9897095961453801,0.0,0.0
2017-09-20,-2.061424,1.016087,-1.7669485,1.2725832,1.3073767,-1.6642827,-0.65333825,-0.8442879,0.057095528,0.83271444,-0.05209539,0.82932097,0.78281486,-0.16887367,-0.088682204,0.0509075,-0.76757985,-0.25103164,-0.31896693,0.054649346,-0.6616966,-0.5048014,-0.4755001,-0.27409825,0.47730258,0.015127321,-0.11421602,-0.27956605,-0.21153815,-0.38940972,0.10957299,0.03596781,0.8544592,0.0,0.13228410141159203,0.0,0.0,0.9912118423998614,0.0,0.0
2017-11-01,-0.48518506,1.0954134,-2.5705798,0.6655843,1.7017838,-0.3554878,-1.7354778,-1.3529761,0.2013085,0.7276174,-0.5249467,0.58337957,0.37605202,-0.16394359,0.26924145,-0.0027502512,-0.6515507,-0.86067194,0.33157822,0.49036822,-0.65065217,0.3697413,-0.29216647,-0.23623298,0.48045787,-0.4753695,-0.06267815,-0.15837836,0.054633785,-0.38768122,0.14916897,0.05853067,0.79230034,0.0,0.11489670062776053,0.0,0.0,0.9933774449748971,0.0,0.0
2017-12-13,-1.7004186,1.2807002,-1.3874432,-0.60718364,0.10058843,-0.2846553,-0.94887745,0.60241574,0.19321649,0.2936365,-1.3832505,0.026599195,0.0574042,0.729335,0.30981377,-0.11509343,-0.63117725,0.03562186,0.17160283,0.18081309,-0.24193333,-0.1360408,-0.34193307,-0.57128745,0.067969695,-0.54951173,0.72957486,-0.049740672,0.23682271,0.25877428,0.09909037,0.047118526,0.8537911,0.0,0.12298355781031026,0.0,0.0,0.9924087084000814,0.0,0.0
2018-01-31,-3.1577256,2.7443109,-0.3394707,0.18057881,-1.3070083,0.00059431896,-0.83770114,1.1207274,-0.45380136,-0.34544146,-0.8684099,0.35012987,0.0652029,0.43924686,-0.29557684,0.8011764,-0.21620628,-0.10614273,0.2929723,-0.23859125,-0.31637233,-0.34454915,-0.15776266,0.22103754,-0.24091841,-0.3163231,0.018444696,-0.0011964226,0.31375572,0.082371965,0.09093647,0.029623533,0.87944,0.0,0.13228410141159203,0.0,0.0,0.9912118423998614,0.0,0.0
2018-03-21,-2.3006904,2.056239,-1.091133,0.8878366,-0.08157594,0.63748956,-0.23506206,0.27116132,-0.23080848,0.9720354,-1.1672859,0.20578884,-0.43219045,0.51362115,-0.32705355,0.7150281,-0.55755556,-0.25298327,0.54034114,-0.15680125,-0.022567092,0.0028647343,-0.9049092,-0.18735951,-0.023316426,-0.53205824,0.61265546,-0.03546171,-0.3661081,-0.24027908,0.13924268,0.030828288,0.829929,0.0,0.13228410141159203,0.0,0.0,0.9912118423998614,0.0,0.0
2018-05-02,-2.780267,2.0247507,-0.6800998,1.0247631,-0.017764905,0.57976615,-0.97104913,-0.25555375,-0.47427252,-0.17605726,-1.173268,-0.033967838,-0.11189805,0.4434108,-0.18296255,0.63587785,-0.5894127,-0.057755195,0.10785695,-0.17848831,-0.23725013,-0.23420203,-0.05099726,0.06314441,-0.17513889,-0.19282573,0.10966162,-0.08120797,0.30282384,0.14915784,0.15139809,0.025196966,0.82340497,0.0,0.14309058423861623,0.0,0.0,0.9897095961453801,0.0,0.0
2018-06-13,-4.2848926,0.38391012,0.6692328,0.8908206,0.363327,2.053615,-1.3817112,-1.4059151,-1.7899842,-0.005617577,-0.122066975,0.08990216,-0.62172824,0.4828176,-0.5573471,0.68852115,0.06949501,-0.3455782,0.14317827,0.29383716,0.22543806,0.36322927,-0.08357634,-0.25750834,0.07461502,-0.099973015,-0.17037785,0.1416275,-0.09798632,-0.50852084,0.25581864,0.020040073,0.7241413,0.0,0.17932444742738748,0.0,0.32013498180577254,0.930245309571126,0.0,0.0
2018-08-01,-4.4530525,1.1369463,1.0276685,0.29683137,-0.9354364,0.62692636,-1.2238296,0.6035233,-1.5241361,-0.83199435,0.31867424,0.44896048,-0.4306257,0.92725927,-0.14381246,0.36387748,0.033360016,-0.22474757,0.4488022,-0.48520315,0.29491135,-0.026710577,0.023764355,-0.0013528098,-0.16234152,-0.11889132,-0.32376608,0.32232505,-0.05797361,-0.6270971,0.11256051,0.023874016,0.8635655,0.0,0.17932444742738748,0.0,0.32013498180577254,0.930245309571126,0.0,0.0
2018-09-26,-4.5538235,1.4374672,1.7042176,0.19292079,-0.15747079,1.1817094,-0.9649535,-0.3255466,-1.4415355,0.045199186,0.35338148,0.017075768,-0.35839897,0.7563561,0.020934919,0.620594,0.11139802,-0.13920431,0.30830508,0.12566975,0.374179,0.30412126,-0.17317107,-0.52343017,0.28045416,0.02802354,-0.3460115,0.22695473,-0.2636181,-0.60666394,0.12800644,0.021085938,0.8509076,0.0,0.0,0.0,0.361043706067139,0.9325488953986837,0.0,0.0
2018-11-08,-4.2281146,1.1049906,0.88572186,0.36682108,-0.067871496,0.7747423,-1.7149444,-0.58543414,-1.4762607,-0.9357389,0.5012945,0.18425092,-0.28030273,0.86849034,-0.15907976,0.28188816,0.17329064,-0.27656308,0.68039715,0.083084054,0.19843885,0.2060289,-0.019795189,-0.0961888,-0.30131283,0.031026253,-0.21992779,0.34070748,-0.17997448,-0.47223595,0.1424822,0.02274112,0.83477664,0.0,0.0,0.0,0.361043706067139,0.9325488953986837,0.0,0.0
2018-12-19,-3.6756318,0.87989664,0.6691742,0.8688207,0.60614294,1.93088,-1.2209783,-1.4599358,-1.2032777,0.027726255,-0.12839216,-0.3023144,-0.9367744,0.35112485,-0.6782888,0.5947714,0.049266186,-0.14039263,0.018469423,0.1135896,0.014429411,0.33198524,-0.09131674,-0.50333375,0.022741225,-0.35443,0.005260011,-0.008041632,0.2691657,-0.06832352,0.22230245,0.021287657,0.75640994,0.0,0.0,0.0,0.361043706067139,0.9325488953986837,0.0,0.0
2019-01-30,-3.8279543,1.8840976,0.3621043,-0.33431083,0.93689996,0.5150513,-1.6760257,-1.2851919,-0.22147095,-0.15081681,0.09050588,-0.076785,-0.40515476,0.48782972,-0.3402291,0.42671043,0.74945015,-0.5397846,-0.4439217,-0.38124612,-0.40359044,0.08266893,-0.017429749,-0.38127252,-0.033371918,0.020049509,0.06480366,0.035650726,0.35437188,0.18456696,0.09919545,0.024561793,0.8762427,0.0,0.0,0.0,0.32540987951598754,0.9455730592150933,0.0,0.0
2019-03-20,-2.7024002,2.56956,-0.52644604,-0.46345297,-0.315313,1.0768049,-1.3925177,0.24232748,-0.21986334,-0.5795869,-0.2861793,0.11310894,-0.09363146,0.35314023,-0.63731694,0.46766135,0.6893457,-0.7151413,0.39794567,0.16121614,-0.2884786,-0.2078509,-0.012001282,-0.09222069,-0.07352862,0.34621415,-0.12258903,-0.11456388,-0.6600231,-0.097976804,0.10998334,0.033146862,0.8568698,0.0,0.0,0.0,0.32540987951598754,0.9455730592150933,0.0,0.0
2019-05-01,-4.1911874,1.609445,0.9770301,0.06741698,-0.21241085,0.7266983,-0.92926997,0.40914854,-0.65332955,-0.8452932,0.21091008,0.5200186,-0.26163137,0.70144993,-0.39281604,0.1434149,0.07240465,-0.9319964,-0.19777204,-0.27276218,-0.25263906,-0.093335636,-0.111084886,-0.22187027,0.27551258,0.26976854,-0.2610759,-0.06667553,-0.10510545,-0.2312776,0.10455649,0.02414814,0.8712954,0.0,0.0,0.0,0.32540987951598754,0.9455730592150933,0.0,0.0
2019-06-19,-1.751155,1.0167416,-0.07401904,-1.9662626,1.0274462,1.1933388,-2.108896,-0.082820974,0.3239863,-1.0001882,-0.1025678,-0.23308836,-0.16900781,1.0385152,-0.9413647,-0.24566057,1.0868939,-0.5568086,0.34847924,0.5727156,-0.6708125,-0.77039194,0.4350448,0.118250296,0.010807584,0.8463167,0.11154713,0.2612617,-0.75566614,0.53571516,0.12581497,0.04507959,0.8291054,0.0,0.0,0.0,0.5266035491822818,0.8501109939229254,0.0,0.0
2019-07-31,-1.3423542,2.1946967,0.12439244,-2.3875577,0.31633276,1.2834548,-0.19203997,0.4640901,-0.14785337,0.15476702,-1.71467,0.2607385,-0.7680874,-0.33699343,0.6076969,-0.14766699,0.33445165,-0.30153954,-1.2174226,-0.09076792,-0.2243351,-0.34429684,-0.26202932,0.3713453,-0.5659093,-0.45722136,0.03684517,0.030547276,0.08594991,-0.09354911,0.10275574,0.044492587,0.8527517,0.0,0.0,0.0,0.5266035491822818,0.8501109939229254,0.0,0.0
2019-09-18,-2.4057517,1.4117624,0.15776148,-1.7509544,-0.23694679,0.9921053,-0.8031291,0.36622933,0.032000042,-0.03410154,-0.8939184,0.5802064,-0.09840701,0.6105428,-0.54082847,-0.5527932,0.4628457,-0.38862294,-1.6793796,-0.15069047,-0.20318285,-0.44037092,0.0069896826,0.21096563,-0.32362616,-0.29480818,-0.026978914,-0.0882247,-0.015686387,-0.07675526,0.09772926,0.032902576,0.86936814,0.0,0.0,0.0,0.5266035491822818,0.8501109939229254,0.0,0.0
2019-10-11,-5.4591756,-0.23568892,0.22666709,-0.6738608,1.1396043,-1.2658597,0.075248666,-0.5903035,-1.5364296,-0.34844032,2.6073692,1.0517174,-0.72796935,0.6384149,0.95831186,0.69091034,-0.33790904,0.68794215,-0.0055314703,0.40603432,0.48716184,-0.16068359,-0.528748,0.9507801,-0.3449754,-0.2692785,0.28990456,0.32456264,-0.31635386,0.69351965,0.083032385,0.028949345,0.8880183,0.0,0.0,0.0,0.0,0.0,0.0,0.0
2019-10-30,-0.6494933,2.000339,0.86424446,-3.8545213,0.8136968,1.1746966,-1.5393361,0.5730772,-0.19820455,-0.23269247,-1.0491066,0.21026064,-1.0397215,-0.02111705,0.8997848,-0.23155622,0.55565566,-0.63436574,-1.4579774,-0.36156142,-0.2643493,0.11494198,-0.4300149,0.3047471,0.16306654,0.51116836,-0.16689701,-0.114578925,-0.066660345,-0.18307683,0.08336313,0.06737662,0.8492603,0.0,0.0,0.0,0.32540987951598754,0.9455730592150933,0.0,0.0
2019-12-11,-3.7174945,1.4571939,0.37949756,-0.64431465,0.4176391,0.20885535,-0.8652405,0.50893384,-0.34178498,-1.1891316,0.37069434,0.14721015,-0.44228187,0.5583168,-0.03319124,-0.11958906,0.13942643,-0.49075484,-0.8108204,-0.21084444,-0.26957327,-0.46918365,-0.23848002,0.053328704,-0.11925328,0.0004933761,0.13779525,-0.32404286,0.95638025,0.88508385,0.08942607,0.02922316,0.8813508,0.0,0.0,0.0,0.32540987951598754,0.9455730592150933,0.0,0.0
2020-01-29,-3.383284,1.748998,0.8137861,-0.4190885,-0.28103885,0.49911183,-0.9766075,0.50285405,-0.64931774,-0.8532759,0.19607463,0.23205678,-0.024988322,0.6767582,-0.42842713,0.09426487,-0.072707385,-0.5748637,-0.73496413,-0.54630953,-0.29684553,-0.36533514,-0.066341616,0.06386054,0.1354341,0.12736934,-0.25504276,-0.09573945,0.6675379,0.2291216,0.09787458,0.027421178,0.87470424,0.0,0.0,0.0,0.32540987951598754,0.9455730592150933,0.0,0.0
2020-03-03,-2.7178602,1.074158,-0.24427357,-1.5794407,2.244957,-1.1371225,-0.26874042,-1.6689882,-1.0489341,0.015744297,1.4605697,0.4634233,-0.8978763,-0.10463837,1.5536332,0.33501497,0.34162724,1.0347213,0.44337004,-0.16621421,0.043440342,0.045315996,-0.19997796,0.79701275,-0.68908566,0.40747947,-0.55748963,-0.4287284,-0.11797863,0.5880763,0.09514477,0.047931742,0.85692346,0.0,0.0,0.0,0.0,0.0,0.0,0.0
2020-03-15,-1.9738946,0.20197439,-1.9201608,0.40399638,2.127459,0.09821445,1.152316,0.055704687,0.2544921,-0.38338143,-0.11062011,1.3106523,0.8802717,0.25039336,0.1515692,-0.8638897,0.24203534,0.04662888,-0.50499135,0.7416509,-0.2671308,0.06926953,0.72577965,-0.4406261,0.59949315,0.0134716295,-0.8783587,0.16880064,0.31444657,0.049547646,0.16765562,0.035228327,0.797116,0.0,0.0,0.41698289296780305,0.0,0.9089143342318909,0.0,0.0
2020-03-23,-6.4165645,1.8885798,1.0882798,0.72551936,-0.5661141,-2.6578722,1.5088483,0.022661958,-0.5978624,-0.42672703,2.581026,1.9139392,0.34004712,0.9641414,0.9254073,0.15453778,1.7060021,0.0049511488,0.20411097,0.44163468,1.4424565,0.4291688,-0.11396664,-0.2757094,0.12218214,-0.6782565,-0.31292173,1.0035203,0.048473746,-0.41726756,0.052381907,0.019606182,0.92801195,0.0,0.0,0.0,0.0,0.0,0.0,0.0
2020-04-29,-3.676386,3.019191,-0.123266466,0.43931744,-0.9991719,-0.24525532,0.33316925,-0.28230357,0.2143412,-1.2121717,-0.014728531,-0.16176574,0.17881145,-0.24490409,-0.3891916,0.25392023,-0.18659875,-0.29568943,-0.30054274,-0.18576205,0.4475442,0.17258482,1.0150527,-0.11534967,-0.15295854,-0.31431746,-0.05122048,0.17686631,0.45535368,0.36316016,0.088524014,0.025712002,0.88576394,0.0,0.0,0.0,0.0,1.0,0.0,0.0
2020-06-10,-3.4160182,2.2354615,-0.23919196,0.4833686,-0.4244312,-0.40064788,0.575147,-0.926799,0.36387315,-1.2400007,-0.22005023,-0.22658488,0.10186903,-0.3524276,-0.39871353,0.038875584,-0.08052073,-0.63964677,-0.117066525,0.005200909,0.25866133,0.36243924,0.71617407,0.013591456,-0.10491855,-0.34808475,-0.035649464,0.09604131,0.32753474,0.5239794,0.10533922,0.025388176,0.86927265,0.0,0.0,0.0,0.0,1.0,0.0,0.0
2020-07-29,-2.3015108,2.75469,-0.851507,0.75308305,-0.048694357,0.325591,0.456225,-1.0478354,0.01202055,-0.33288297,-0.56595,0.15738773,0.4440379,-0.28022462,-0.03453203,0.38738152,-0.5154095,-0.1318071,-0.54785466,-0.044704933,0.06224368,0.45159373,0.83694834,-0.067056775,-0.112354726,-0.09141694,-0.11106853,0.22625399,0.42355967,0.0016397884,0.12771982,0.02579427,0.846486,0.0,0.0,0.0,0.0,1.0,0.0,0.0
2020-09-16,-2.274779,0.7919486,-2.0457006,1.947521,2.1721973,-0.70311636,0.72971076,-1.6355336,0.7756724,-0.06551041,-0.645121,0.034050826,0.18323508,-0.07484048,-0.6712856,-0.007949232,-1.2898165,0.30077133,-1.1445463,-0.46546957,0.2651164,0.45290503,-0.35043427,0.0041999,0.119576074,0.22012572,0.31219187,0.251649,0.016005497,-0.3318853,0.17741916,0.025492534,0.79708827,0.0,0.3008314825906098,0.0,0.0,0.9536773139182538,0.0,0.0
2020-11-05,-1.7970755,2.5014734,-1.7827752,0.73543376,1.0507543,-0.95459306,0.37737942,0.030543946,0.64781,-0.8467791,-0.63277465,-0.6933041,0.2842498,0.36699623,-0.33795953,0.38743398,-1.0644524,0.10750017,-0.31497902,-0.46342906,0.3180619,0.094731234,-0.12880918,-0.007690151,-0.19103386,0.12525736,-0.09178897,0.17425805,-0.0018219405,-0.28353807,0.10323085,0.037738,0.8590311,0.0,0.461689305880743,0.0,0.0,0.8870417041128099,0.0,0.0
2020-12-16,-1.8139561,1.2088706,-1.7031225,1.0135481,2.3598435,-1.2829083,0.46599093,-1.6158295,0.72556764,-0.4257942,-0.3746155,-0.8648964,0.16691278,0.4711195,-0.41048324,0.18349586,-0.8523963,0.31167552,-0.58626485,-0.72717273,0.21620417,0.22868837,0.07551023,-0.111766875,-0.020127933,0.019055909,-0.16379125,0.21586792,0.039332386,-0.00015677634,0.14122707,0.03534924,0.8234237,0.0,0.461689305880743,0.0,0.0,0.8870417041128099,0.0,0.0
2021-01-27,-1.4916539,1.8286747,-1.9659488,1.5261396,2.1290905,-0.2979327,1.1299229,0.35648933,1.0209296,-1.4318477,-0.583168,-0.33949038,-0.23874179,0.6225694,0.08905153,0.002529278,-0.6012311,-0.12891693,-0.10837435,-0.30943367,0.48498067,0.26886407,-0.15512593,0.013270085,-0.11271547,0.24830908,-0.21827081,-0.40844965,-0.2710993,0.23681642,0.15421638,0.037484355,0.80829924,0.0,0.461689305880743,0.0,0.0,0.8870417041128099,0.0,0.0
2021-03-17,-1.5303576,1.7194623,-1.8105133,1.9902638,2.0656576,-0.3333658,1.2269958,0.24333754,1.0496941,-1.1891378,-0.50548553,0.038661662,-0.34722576,0.3869941,-0.16055979,-0.05340425,-0.29641885,-0.19897602,-0.08841258,-0.1018346,0.45143935,0.43260846,-0.083633244,0.0588717,0.0389327,0.30105552,-0.29098395,-0.06709126,-0.310165,0.11192529,0.16008812,0.033428367,0.80648345,0.0,0.461689305880743,0.0,0.0,0.8870417041128099,0.0,0.0
2021-04-28,-1.0484498,1.0033878,-1.798733,2.190437,2.2710874,0.32419077,1.2834066,0.10219163,1.1494411,-0.9404458,-0.60435265,0.17352232,-0.009752036,0.42462116,-0.3045913,-0.33409172,0.10944591,-0.11417811,-0.008442331,-0.0693342,0.40824857,0.30184853,-0.13174514,0.082201056,-0.08007518,0.19813351,-0.1124568,-0.18045619,-0.40525287,0.064425245,0.20915708,0.033352368,0.7574906,0.0,0.5006251906168433,0.0,0.0,0.8656641488012827,0.0,0.0
2021-06-16,0.3452998,1.4937367,-2.0610833,-0.06738086,3.618315,-0.042672068,0.5532736,-1.5904837,1.4485179,0.37584865,-0.4893537,-0.8079338,0.6546152,0.96947306,-0.13539532,-0.048766855,0.13947493,0.2725051,0.10641369,-0.33852047,0.18781732,-0.19005208,-0.6822798,-0.01646674,-0.45318022,-0.020762764,0.24804989,-0.054894745,0.20601411,-0.06184694,0.18923518,0.061117113,0.7496477,0.0,0.5006251906168433,0.0,0.0,0.8656641488012827,0.0,0.0
2021-07-28,-1.7360659,1.8258485,-1.7274565,1.7786264,1.9100177,-0.63285965,1.1350383,-0.12376635,1.0943333,-0.6326588,-0.6988944,-0.4739466,-0.24432114,0.613854,0.19117767,0.0128701795,-0.05680724,-0.2227762,0.06678768,-0.26762736,0.42901048,0.18708953,-0.12810494,-0.1406618,-0.15133508,0.06836296,-0.0050249747,-0.049706195,-0.067922376,0.3222338,0.14127114,0.033401307,0.8253276,0.0,0.5006251906168433,0.0,0.0,0.8656641488012827,0.0,0.0
2021-09-22,-1.9161985,1.3223052,-1.5384089,2.2919607,2.2752328,-0.6031294,1.6114229,0.20970583,0.8052029,-1.0074688,-0.11572313,0.5318809,0.02646434,0.15374386,0.41342548,-0.36595133,-0.18879858,-0.25840548,-0.059675083,0.07903508,0.42928794,0.59668237,-0.018754238,0.19816609,0.4412454,0.2408694,-0.4152055,-0.17192893,0.07349025,0.03430806,0.14878969,0.029903993,0.82130635,0.0,0.5006251906168433,0.0,0.0,0.8656641488012827,0.0,0.0
2021-11-03,-2.505656,-2.455274,-0.3075903,0.510216,3.809992,0.7878059,1.0922198,-0.9109912,-0.49868873,-0.16358003,0.88253814,0.24779573,0.42163745,0.62488836,0.14716777,-0.29760757,-0.1862619,1.2903461,-0.17440014,0.74429154,0.15023506,-0.23612954,-0.39913207,0.84928757,0.06383071,0.13792583,-0.15626192,0.5835218,-0.4657811,-0.88390136,0.3412747,0.03638928,0.62233603,0.3177878786529413,0.43775617917907644,0.0,0.0,0.8410590893461646,0.0,0.0
2021-12-15,1.8576009,1.1305023,-1.8093183,-1.8911333,3.5680904,0.31572193,0.986602,0.9954505,1.6141006,-0.25415033,-0.20670423,-0.1979647,0.6637515,1.1945363,0.9418977,-0.2447521,-0.24488759,-0.24810843,1.4473397,0.21525303,-0.48166347,-0.0113174245,0.047395602,0.7350131,-0.3742536,0.50748026,-0.2920935,-0.36835307,0.33123335,-0.648047,0.16836268,0.15078661,0.68085074,0.43537707893914257,0.39982436793252685,0.0,0.0,0.8065899044382934,0.0,0.0
2022-01-26,-0.7353479,1.0702158,-0.19173716,-1.2701812,0.95077723,1.0184165,-0.07147906,0.701801,0.770867,-0.5540783,-0.6353191,-0.37524858,0.835103,0.74130625,0.029784042,-0.3552148,0.78276175,0.26554745,0.42001846,0.43664005,-0.24889122,-0.19113147,0.8951061,-0.032358397,-0.17731626,0.3704348,-0.2748657,0.41284204,-0.030356755,0.22606269,0.13493666,0.05342421,0.81163913,0.4786400765382905,0.4395545271593143,0.0,0.0,0.7600628229200342,0.0,0.0
2022-03-16,-3.1921914,1.3308232,1.6815094,-1.0902227,0.36332178,1.4876789,-0.18601567,0.23485556,-0.51158273,0.38911903,0.027931731,-0.530928,-0.5543721,-0.06836316,0.19111662,-0.56441945,-0.22481826,-0.0841119,0.4242149,0.78692716,0.32052153,0.39505282,0.09099926,-0.3989661,0.077035286,0.4867944,0.1140653,-0.18006645,-0.09782568,-0.098995306,0.11673163,0.028980447,0.854288,0.0,0.0,0.0,0.0,1.0,0.0,0.0
2022-05-04,-1.1196908,1.9595119,0.35025254,-1.5783774,0.3843245,1.4298464,0.69092184,0.7340547,-0.38724735,0.34248057,-0.108136974,-0.9669955,0.0744754,0.22720449,-0.008935385,-0.22779581,-0.25634944,0.3416088,0.20659648,0.32953212,0.13521281,-0.63581014,0.77831155,0.14714289,-0.53579706,-0.12388475,-0.25750914,0.34707412,0.1608902,-0.23584963,0.119696036,0.049723476,0.8305805,0.0,0.0,0.0,0.0,1.0,0.0,0.0
2022-06-15,-1.9698713,1.9066468,1.4878418,-1.1651174,0.6942065,1.055162,1.2051297,0.9194635,-0.5260824,1.4551378,-0.25328758,-0.7831802,-0.15864444,-0.21659668,0.09428024,-0.7580773,-0.5430497,0.25076354,-0.51454294,0.4951063,0.35390776,-0.62342197,0.6164531,-0.25734448,-0.54411334,-0.6083645,0.3214103,0.22759962,0.2730687,0.05862905,0.10271899,0.034254547,0.8630264,0.0,0.0,0.0,0.0,1.0,0.0,0.0
2022-07-27,-1.951794,1.6805688,1.6262307,-1.5443813,1.8811549,2.0870898,0.7302331,0.34525192,-0.5694977,0.76920277,0.4276901,-0.78544015,-0.58929133,0.023023177,0.55069053,-0.6619524,-0.12394869,-0.21357945,-0.12886493,0.91270083,0.14018945,-0.02593767,0.1442535,-0.78602177,-0.12885667,0.18424177,0.17680874,-0.37498617,0.48977825,0.12490775,0.13029508,0.036897704,0.8328072,0.0,0.0,0.0,0.0,1.0,0.0,0.0
2022-09-21,-2.187282,0.8162337,1.6559911,-0.9930397,2.2383406,1.818454,0.5791884,-0.840393,-0.6332208,0.8271921,0.68776214,-1.3345468,-0.5047937,-0.3468745,0.14216092,-0.7743409,-0.2507383,0.38418213,0.20252359,0.97864956,-0.112101406,0.030356653,-0.09948018,-0.64899796,0.039405365,0.028900713,0.08957845,-0.39302376,0.38916102,0.18664202,0.17316692,0.03345237,0.79338074,0.0,0.0,0.0,0.0,1.0,0.0,0.0
2022-11-02,-1.8716395,2.6693773,1.0067532,-1.1140202,-0.3677699,1.1430999,1.7643105,0.94771147,-0.089205906,0.61957216,-0.6796647,-0.9410217,0.29621595,-0.13307807,-0.052886765,-0.4465441,-0.032518797,0.4921718,0.07724488,0.4028195,0.16277054,-0.39103657,0.26111418,0.24113531,-0.67210937,-0.50079966,0.14975007,0.35948348,0.11154603,-0.009368954,0.10549591,0.032726064,0.8617781,0.0,0.0,0.0,0.0,0.8534387223829937,0.3269401409568562,0.40589714382882075
2022-12-14,-1.5086089,2.4551723,0.8653111,-1.3419485,0.21886282,1.0755782,1.4736564,0.33291718,0.24247982,0.83593875,-0.46311045,-1.1529223,0.23007327,-0.37947938,-0.28069204,-0.3467906,-0.11647732,0.17855088,0.2889102,0.50811654,-0.09666902,-0.4348541,0.11290532,0.33637777,-0.641096,-0.53616846,0.15412252,0.52314013,-0.096844204,-0.02545675,0.11340289,0.037468217,0.8491289,0.0,0.0,0.0,0.0,0.8534387223829937,0.3269401409568562,0.40589714382882075
2023-02-01,-3.4751368,2.3072267,1.7590092,-0.9897883,-0.21338029,0.39333078,0.50529355,0.44193268,-0.17162223,-0.10072208,0.19960947,-0.6300847,0.26384544,-0.63783336,-0.052823685,-0.4594324,-0.42154184,0.3392607,0.43479556,0.07692469,0.28325877,0.14824463,-0.63953805,-0.4957484,0.4084451,0.2990571,0.60903525,-0.39263627,-0.08053809,0.12758884,0.0838756,0.028008802,0.8881156,0.0,0.0,0.0,0.0,0.8242207741503323,0.35521555928917453,0.4410011586128837
2023-03-22,-2.8500485,2.5209699,0.9608817,-0.47179973,-1.0098581,0.35349888,1.277806,0.6859697,0.057099625,0.03259362,-0.48379496,-0.6572545,0.44622603,-0.7257788,-0.13530526,-0.23952435,-0.02504825,0.23537132,0.49853796,0.01251129,0.25865602,-0.4801287,-0.03730696,0.14655708,-0.14998718,-0.24064736,0.16841167,0.2054162,-0.5054456,-0.082459666,0.094474904,0.027607275,0.87791777,0.0,0.0,0.0,0.0,0.8534387223829937,0.3269401409568562,0.40589714382882075
2023-05-03,-3.3072484,2.5254974,1.9593855,-1.0586361,-1.1037565,0.3852972,0.7952584,0.588224,-0.20008272,0.41808954,0.09144743,-0.2446483,0.60912365,-0.9018715,-0.08714129,-0.47335565,-0.37597173,0.35617685,0.67938507,0.31262216,0.5225842,0.36813155,-0.50699294,-0.5757689,0.58830875,0.23974931,0.38691035,-0.45912787,-0.45874152,-0.13927811,0.07747815,0.028178954,0.8943429,0.0,0.0,0.0,0.0,0.9338233935714991,0.357734356217863,0.0
2023-06-14,-3.5805354,2.7120826,0.9120587,-0.4338198,-1.0959128,-0.9019979,0.47844237,0.4382848,-0.074452035,-1.1076694,0.5164156,-0.29367968,0.60573804,-0.6581591,-0.3465573,-0.20315118,-0.14448032,0.09989962,0.3653872,-0.25338507,0.27312154,0.014840754,-0.204694,-0.084028944,0.4848262,0.047101226,-0.048116606,-0.39400604,-0.335805,0.10678204,0.0681712,0.028239612,0.9035891,0.0,0.0,0.0,0.0,0.9338233935714991,0.357734356217863,0.0
2023-07-26,-3.1406744,2.0896683,1.6493609,-0.6709096,-0.02188506,0.7537985,0.5380531,-0.40961045,-0.27318987,0.5733853,0.22413163,-0.79751015,0.3599392,-0.9860918,-0.3223284,-0.21306978,-0.46273914,0.37204894,0.684884,0.22318631,0.43938226,0.39117947,-0.371629,-0.3880312,0.5990934,0.43077603,0.25490353,-0.521069,-0.51126486,0.05093616,0.1057063,0.026458513,0.8678352,0.0,0.0,0.0,0.0,0.9338233935714991,0.357734356217863,0.0
2023-09-20,-3.577592,2.6870759,0.7628713,-0.5408117,-0.9081742,-1.0174992,0.40995002,-0.6420909,0.0043223146,-0.24883649,0.62732947,-0.34496784,1.2325188,-0.7798632,-0.48507553,0.20250656,-0.13619618,0.10773675,0.17051648,-0.4248376,0.029077696,-0.05527881,0.1838546,-0.08004376,0.018705307,-0.23407252,0.013228777,0.12491089,-0.15849042,-0.10751253,0.06985241,0.026537694,0.9036099,0.0,0.0,0.0,0.0,0.9338233935714991,0.357734356217863,0.0
2023-11-01,-2.4852004,2.7148678,0.48558718,-0.66025656,-1.2516483,-0.4406548,1.0191643,0.7240209,0.12768745,-0.9849753,-0.07653294,-0.4492532,0.8472901,-0.3941294,-0.1662167,0.003258087,0.014877252,0.04531951,0.24580334,-0.4224733,0.030767625,-0.47569996,0.16880065,0.21571524,-0.19351605,-0.28844747,-0.07973979,0.094087906,-0.31129634,0.0026466409,0.07819779,0.033061143,0.888741,0.0,0.0,0.0,0.0,0.9338233935714991,0.357734356217863,0.0
2023-12-13,-2.6808186,2.9210365,0.19145812,-1.0731184,-1.3824635,-0.28732374,0.7905485,0.596578,0.029610433,-0.3614499,0.13052976,-0.41999117,0.98554456,-0.60627526,-0.3753391,0.16854236,-0.12709287,0.06573593,0.27887627,-0.35254455,-0.07968792,-0.3969307,0.26413813,0.2798568,-0.2483376,-0.36194545,-0.042309973,0.22095431,-0.18267052,-0.0011464736,0.07297836,0.03447317,0.8925485,0.0,0.0,0.0,0.0,0.9338233935714991,0.357734356217863,0.0
2024-01-31,-3.7460063,2.0821574,1.721716,-0.37409455,-1.4207283,-0.48303276,-0.12146535,-0.5940339,-0.4657231,-0.49484977,0.7275421,-0.052615494,0.6304798,-1.1822952,-0.54303503,-0.071741626,-0.1512036,-0.2703137,0.53006345,-0.41945425,-0.33140802,0.14328803,-0.32886434,0.23493561,0.73139286,0.4650651,0.1578519,-0.18768112,0.028901923,0.12546448,0.08481073,0.025310088,0.88987917,0.0,0.0,0.0,0.0,1.0,0.0,0.0
2024-03-20,-3.6575665,2.1044414,1.8786895,-0.5738566,-1.1775963,-0.76514536,-0.2146243,-0.9271705,-0.31741533,-0.047294382,0.70346016,-0.093444675,1.010575,-1.0060436,-0.33632642,-0.10639557,0.08877719,0.02865845,0.311059,-0.4869633,-0.4860519,0.19544536,-0.16922969,0.057573397,0.5285906,0.23391077,-0.029673234,-0.12989813,0.16457711,-0.003425381,0.07580773,0.025615327,0.898577,0.0,0.0,0.0,0.0,1.0,0.0,0.0
2024-05-01,-1.6823736,3.0243208,1.0169809,-0.48898527,-1.2302214,-0.5799241,1.0817474,0.8502974,0.24775444,-0.4005939,-0.73587584,-0.42779222,0.45735294,-0.17919883,-0.2681572,-0.18029083,0.5830078,0.5717204,0.19089305,-0.2990429,-0.51307815,-0.30449542,0.21153688,0.6260635,-0.05950686,0.009129972,0.032982167,0.33024544,0.32834655,0.089043826,0.076443374,0.034148056,0.8894085,0.0,0.0,0.0,0.0,1.0,0.0,0.0
2024-06-12,-3.3809,2.7212033,1.468641,-0.8520239,-0.9752451,-0.1919766,0.16668895,0.67288285,-0.085316055,-0.9632163,0.49320692,-0.047171343,0.57585627,-0.6109459,-0.4114076,-0.30948368,-0.07011712,-0.17403911,0.2526304,-0.40164328,-0.009878718,0.033773046,-0.22456081,0.16494802,0.4443411,0.32858333,0.48453337,-0.38448423,0.1442857,0.1584613,0.07174711,0.029675066,0.89857787,0.0,0.0,0.0,0.0,1.0,0.0,0.0
2024-07-31,-3.640108,2.1463697,1.8732619,-0.460669,-0.7542137,-0.6740641,0.67875427,0.31874135,0.046235014,-0.7455723,0.16879728,-0.33244485,0.7524143,-0.33860344,-0.1200112,-0.1706122,0.35159728,-0.013594141,-0.08362799,-0.3916906,-0.070050456,-0.13107297,0.22573102,0.18626595,0.044353317,-0.20217055,0.07170329,0.09139807,-0.061574362,0.14422771,0.0783685,0.02504505,0.8965864,0.0,0.0,0.0,0.0,1.0,0.0,0.0
2024-09-18,-0.34616676,1.8012481,1.4281789,-4.50336,1.4888909,0.058161046,-0.5792705,-0.93908834,0.42583898,0.058070052,-0.19473816,-0.3606648,-0.20212731,-1.3406247,0.843583,0.010468672,0.72704166,0.06613952,-0.75792634,-0.15419586,-0.25845182,0.96940684,-0.26064304,0.4738132,0.38937253,0.058231764,-0.08568198,0.083968826,-0.48206496,-0.16245729,0.085892536,0.088047035,0.8260604,0.0,0.0,0.0,0.0,1.0,0.0,0.0
2024-11-07,-2.1168628,2.7322345,1.8133172,-2.9229045,-0.37941104,-0.16179785,0.14006111,0.422838,0.37522107,0.5330281,-0.21763678,0.40740573,0.24234207,-0.8572681,1.1235402,-0.20461492,0.4625265,0.32849884,-0.42053834,-0.41375324,-0.2699937,0.40447944,-0.30028516,0.5099708,0.4648055,0.3634526,-0.04299558,0.091059774,0.38054737,-0.1673062,0.053384043,0.046821773,0.89979416,0.0,0.0,0.0,0.0,1.0,0.0,0.0
2024-12-18,-0.14556982,2.280457,1.6112669,-5.5280557,1.8665665,-0.48446345,-0.45829818,-1.0526983,0.32291168,1.0680813,-0.086614415,-0.10408661,-0.30846676,-1.4115938,1.33681,0.29709348,0.37201053,0.4185809,-1.3399687,-0.7460645,-0.03924225,0.76188105,-0.06465517,0.124265306,0.2792293,-0.24870558,0.060583003,-0.0022336862,-0.28047746,-0.21667008,0.06630685,0.107918896,0.82577425,0.0,0.0,0.0,0.0,1.0,0.0,0.0
